CODGEO,LIBGEO,NBMENFISC16,NBPERSMENFISC16,MED16,PIMP16,TP6016,TP60AGE116,TP60AGE216,TP60AGE316,TP60AGE416,TP60AGE516,TP60AGE616,TP60TOL116,TP60TOL216,PACT16,PTSA16,PCHO16,PBEN16,PPEN16,PPAT16,PPSOC16,PPFAM16,PPMINI16,PPLOGT16,PIMPOT16,D116,D916,RD16
69001,Affoux,133.0,382.5,21615.714285714286,,,,,,,,,,,,,,,,,,,,,,,,
69002,Aigueperse,118.0,246.0,20848.666666666664,,,,,,,,,,,,,,,,,,,,,,,,
69003,Albigny-sur-Saône,943.0,2327.0,23448.214285714286,60.0,9.0,,,,,,,,,79.9,72.2,3.3,4.4,23.9,10.8,4.5,2.1,1.3,1.1,-19.1,12754.23076923077,45281.42857142857,3.5503065132449048
69004,Alix,248.0,677.0,23805.5,,,,,,,,,,,,,,,,,,,,,,,,
69005,Ambérieux,209.0,588.0,24149.714285714286,,,,,,,,,,,,,,,,,,,,,,,,
69006,Amplepuis,2119.0,4725.5,18955.2,40.0,15.0,,,,,,,7.0,27.0,63.2,54.8,2.8,5.6,34.5,9.0,6.9,2.9,2.1,1.9,-13.6,11555.0,31072.0,2.6890523582864563
69007,Ampuis,1126.0,2659.0,24411.5,63.0,,,,,,,,,,79.2,65.3,2.2,11.7,22.8,14.2,2.5,1.3,0.7,0.5,-18.7,14878.095238095237,40601.333333333336,2.728933555242607
69008,Ancy,243.0,671.5,21757.2,,,,,,,,,,,,,,,,,,,,,,,,
69009,Anse,2657.0,6886.0,22729.33333333333,59.0,7.0,,,,,,,,16.0,81.8,75.4,2.8,3.6,22.3,8.0,4.5,2.5,1.0,1.0,-16.6,13545.333333333334,36654.66666666666,2.7060734324244504
69010,L'Arbresle,2601.0,6150.5,21196.666666666668,53.0,13.0,,,16.0,,,,,26.0,76.4,70.5,3.3,2.7,25.6,6.9,6.1,2.7,1.8,1.5,-15.0,11327.0,33908.09523809524,2.9935636300958097
69012,Les Ardillats,243.0,626.0,20935.0,,,,,,,,,,,,,,,,,,,,,,,,
69013,Arnas,1434.0,3765.0,22978.0,60.0,7.0,,,,,,,,,76.8,70.2,2.7,3.8,26.0,10.4,3.6,2.3,0.6,0.7,-16.8,13796.0,38721.956521739135,2.806752429815826
69014,Aveize,381.0,976.5,20865.23809523809,,,,,,,,,,,,,,,,,,,,,,,,
69016,Azolette,49.0,130.0,18406.666666666668,,,,,,,,,,,,,,,,,,,,,,,,
69017,Bagnols,301.0,789.0,24334.0,,,,,,,,,,,,,,,,,,,,,,,,
69018,Beaujeu,880.0,1865.5,19518.0,,,,,,,,,,,,,,,,,,,,,,,,
69019,Belleville-en-Beaujolais,5156.0,12335.0,20073.33333333333,45.0,12.0,,12.0,12.0,15.0,,,5.0,21.0,74.6,67.9,3.6,3.0,24.2,7.3,7.0,3.2,2.1,1.7,-13.1,11835.0,31915.33333333333,2.6966906069567664
69020,Belmont-d'Azergues,230.0,626.0,25315.942028985508,,,,,,,,,,,,,,,,,,,,,,,,
69021,Bessenay,909.0,2268.0,22600.95238095238,57.0,,,,,,,,,,75.6,65.2,3.4,7.0,24.9,12.9,3.6,2.3,0.7,0.7,-17.0,13786.153846153846,36631.0,2.657086262693896
69022,Bibost,218.0,567.0,22551.75,,,,,,,,,,,,,,,,,,,,,,,,
69023,Blacé,588.0,1562.0,24244.5,,,,,,,,,,,,,,,,,,,,,,,,
69024,Val d'Oingt,1644.0,4017.5,23743.07692307692,62.0,7.0,,,,,,,,,74.7,66.7,2.8,5.3,27.8,11.1,3.3,1.8,0.8,0.6,-16.9,14074.666666666666,39836.08695652174,2.8303396378733714
69026,Le Breuil,181.0,508.5,23992.5,,,,,,,,,,,,,,,,,,,,,,,,
69027,Brignais,4665.0,11506.5,24327.14285714285,63.0,9.0,,10.0,12.0,9.0,,,,19.0,75.4,68.4,2.5,4.5,28.3,10.5,3.8,1.9,1.1,0.9,-18.0,13090.0,42488.66666666666,3.245887445887445
69028,Brindas,2334.0,6199.5,27070.714285714286,70.0,5.0,,,,,,,,,81.5,74.0,2.3,5.2,22.4,13.8,2.6,1.6,0.5,0.5,-20.3,15398.095238095237,47814.4,3.105215239980208
69029,Bron,16517.0,38853.5,19727.0,53.0,20.0,24.0,26.0,26.0,18.0,13.0,8.0,7.0,33.0,73.8,66.1,3.5,4.2,27.6,8.7,7.1,2.8,2.3,2.0,-17.2,9877.666666666666,37117.0,3.7576688151722744
69030,Brullioles,327.0,840.5,22036.4,,,,,,,,,,,,,,,,,,,,,,,,
69031,Brussieu,518.0,1426.5,22102.12121212121,,,,,,,,,,,,,,,,,,,,,,,,
69032,Bully,771.0,1977.0,23751.6,,,,,,,,,,,,,,,,,,,,,,,,
69033,Cailloux-sur-Fontaines,985.0,2755.0,30537.083333333336,78.0,,,,,,,,,,86.2,77.2,2.0,6.9,20.4,13.7,1.8,1.3,0.4,0.2,-22.1,18684.4,50960.0,2.7274089614865877
69034,Caluire-et-Cuire,19215.0,42135.0,24652.666666666668,66.0,10.0,15.0,12.0,13.0,9.0,5.0,,5.0,19.0,75.1,66.4,2.7,5.9,29.0,14.0,3.5,1.5,1.1,0.9,-21.6,12635.333333333332,49178.33333333333,3.892127895320002
69035,Cenves,160.0,385.0,22242.38095238095,,,,,,,,,,,,,,,,,,,,,,,,
69036,Cercié,429.0,1167.0,21324.083333333336,,,,,,,,,,,,,,,,,,,,,,,,
69037,Chambost-Allières,332.0,797.0,21083.809523809523,,,,,,,,,,,,,,,,,,,,,,,,
69038,Chambost-Longessaigne,379.0,945.0,19628.33333333333,,,,,,,,,,,,,,,,,,,,,,,,
69039,Chamelet,285.0,689.5,21577.14285714285,,,,,,,,,,,,,,,,,,,,,,,,
69040,Champagne-au-Mont-d'Or,2470.0,5541.5,24942.5,65.0,9.0,,,,,,,,18.0,72.5,65.0,3.1,4.4,30.8,13.4,3.6,1.5,1.1,0.9,-20.3,12647.5,48723.5,3.8524214271595176
69042,La Chapelle-sur-Coise,210.0,597.5,21175.217391304348,,,,,,,,,,,,,,,,,,,,,,,,
69043,Chaponost,3440.0,8964.0,28135.035714285717,72.0,5.0,,,,,,,,12.0,78.1,70.1,2.1,5.9,27.3,13.7,2.5,1.4,0.5,0.5,-21.6,15328.0,51740.0,3.3755219206680587
69044,Charbonnières-les-Bains,2095.0,5181.5,34261.333333333336,77.0,5.0,,,,,,,,,74.4,65.2,2.3,7.0,28.8,21.0,1.5,0.8,0.4,0.3,-25.7,16560.0,69447.33333333333,4.193679549114331
69045,Charentay,473.0,1201.5,22872.8,,,,,,,,,,,,,,,,,,,,,,,,
69046,Charly,1725.0,4691.0,30562.0,77.0,,,,,,,,,,80.0,70.7,2.2,7.1,26.1,14.8,1.7,1.1,0.3,0.3,-22.6,17168.0,55563.07692307692,3.23643271919134
69047,Charnay,397.0,1003.5,27698.5,,,,,,,,,,,,,,,,,,,,,,,,
69049,Chasselay,1042.0,2670.0,29768.571428571428,72.0,,,,,,,,,,76.9,67.5,2.6,6.9,28.4,14.2,1.8,1.1,0.4,0.3,-21.3,16252.5,53075.55555555556,3.2656856210155705
69050,Châtillon,884.0,2223.5,25352.857142857145,64.0,,,,,,,,,,81.0,74.1,2.4,4.5,24.6,10.5,2.5,1.6,0.5,0.4,-18.6,14935.555555555557,42079.0,2.817370926945395
69051,Chaussan,425.0,1157.5,23404.0,,,,,,,,,,,,,,,,,,,,,,,,
69052,Chazay-d'Azergues,1639.0,4252.0,28007.6,72.0,,,,,,,,,,78.4,72.0,2.2,4.2,28.1,10.2,2.2,1.5,0.4,0.4,-18.9,16127.0,46043.333333333336,2.8550464025133837
69053,Chénas,205.0,538.0,21890.666666666668,,,,,,,,,,,,,,,,,,,,,,,,
69054,Chénelette,168.0,363.0,22259.52380952381,,,,,,,,,,,,,,,,,,,,,,,,
69055,Les Chères,545.0,1421.5,24942.8,,,,,,,,,,,,,,,,,,,,,,,,
69056,Chessy,754.0,2015.0,24265.714285714286,66.0,,,,,,,,,,84.6,78.7,2.4,3.5,20.6,6.6,3.5,2.4,0.6,0.5,-15.3,15100.666666666666,36229.2,2.399178844201139
69057,Chevinay,226.0,590.5,24204.666666666668,,,,,,,,,,,,,,,,,,,,,,,,
69058,Chiroubles,166.0,387.5,19686.666666666668,,,,,,,,,,,,,,,,,,,,,,,,
69059,Civrieux-d'Azergues,581.0,1501.5,26216.666666666668,,,,,,,,,,,,,,,,,,,,,,,,
69060,Claveisolles,247.0,597.0,19733.913043478264,,,,,,,,,,,,,,,,,,,,,,,,
69061,Cogny,472.0,1210.5,25339.52380952381,,,,,,,,,,,,,,,,,,,,,,,,
69062,Coise,297.0,800.0,20948.4,,,,,,,,,,,,,,,,,,,,,,,,
69063,Collonges-au-Mont-d'Or,1749.0,4440.0,32009.33333333333,74.0,5.0,,,,,,,,,86.1,73.8,2.7,9.6,21.3,18.0,1.8,1.0,0.4,0.4,-27.2,15973.333333333332,69106.0,4.326335559265443
69064,Condrieu,1646.0,3627.5,21697.826086956524,55.0,11.0,,,,,,,,21.0,70.2,61.3,2.7,6.2,30.4,11.5,4.2,1.8,1.3,1.1,-16.3,12276.363636363638,36434.0,2.9678169431279615
69065,Corcelles-en-Beaujolais,356.0,929.5,22921.42857142857,,,,,,,,,,,,,,,,,,,,,,,,
69066,Cours,2032.0,4327.5,19657.777777777777,43.0,11.0,,,,,,,,22.0,57.5,50.9,2.7,3.9,39.6,11.3,5.2,2.1,1.8,1.3,-13.6,12167.333333333334,32726.5,2.689701934140595
69067,Courzieu,466.0,1108.5,20758.0,,,,,,,,,,,,,,,,,,,,,,,,
69068,Couzon-au-Mont-d'Or,969.0,2331.5,24862.85714285714,63.0,9.0,,,,,,,,,78.7,68.9,3.6,6.3,25.6,13.0,3.3,1.6,0.9,0.7,-20.6,12913.125,45142.333333333336,3.4958488617846832
69069,Craponne,4870.0,11447.5,24907.33333333333,66.0,7.0,,,7.0,,,,,14.0,75.1,69.0,2.7,3.4,29.1,11.3,3.3,1.6,0.9,0.8,-18.8,14020.0,43095.23809523809,3.0738400923850278
69070,Cublize,504.0,1210.5,20278.0,,,,,,,,,,,,,,,,,,,,,,,,
69071,Curis-au-Mont-d'Or,423.0,1152.5,29678.888888888887,,,,,,,,,,,,,,,,,,,,,,,,
69072,Dardilly,3163.0,8613.5,30182.0,74.0,5.0,,,,,,,,12.0,82.1,73.8,2.5,5.8,23.8,15.6,2.3,1.3,0.5,0.5,-23.8,15581.0,58685.333333333336,3.7664677063945406
69074,Denicé,603.0,1604.0,24893.75,,,,,,,,,,,,,,,,,,,,,,,,
69075,Dième,65.0,191.5,22565.33333333333,,,,,,,,,,,,,,,,,,,,,,,,
69076,Dommartin,943.0,2632.5,31395.0,76.0,,,,,,,,,,83.0,75.9,2.8,4.4,22.9,15.8,1.5,1.0,0.3,0.2,-23.2,16630.357142857145,59411.0,3.572442821861913
69077,Dracé,345.0,953.0,22460.0,,,,,,,,,,,,,,,,,,,,,,,,
69078,Duerne,312.0,830.5,21533.0,,,,,,,,,,,,,,,,,,,,,,,,
69080,Échalas,639.0,1717.0,23585.743589743583,,,,,,,,,,,,,,,,,,,,,,,,
69081,Écully,6752.0,15990.0,27279.64285714286,67.0,9.0,,12.0,12.0,10.0,,,5.0,19.0,69.3,61.3,2.1,5.9,32.6,19.9,3.0,1.4,0.8,0.7,-24.8,12774.137931034482,59047.4,4.622417600215954
69082,Émeringes,110.0,268.5,21690.47619047619,,,,,,,,,,,,,,,,,,,,,,,,
69083,Éveux,419.0,1120.0,27449.0,,,,,,,,,,,,,,,,,,,,,,,,
69084,Fleurie,542.0,1253.5,20730.0,,,,,,,,,,,,,,,,,,,,,,,,
69085,Fleurieu-sur-Saône,537.0,1415.0,27482.0,,,,,,,,,,,,,,,,,,,,,,,,
69086,Fleurieux-sur-l'Arbresle,912.0,2427.5,26749.13043478261,69.0,,,,,,,,,,80.1,73.7,3.1,3.3,26.7,9.5,2.3,1.6,0.4,0.3,-18.6,16444.5,43468.0,2.643315394204749
69087,Fontaines-Saint-Martin,1061.0,2858.5,29790.4347826087,73.0,,,,,,,,,,80.3,72.0,2.8,5.6,24.4,16.2,2.1,1.3,0.4,0.4,-23.0,15669.756097560978,57820.0,3.689910655916321
69088,Fontaines-sur-Saône,3152.0,7147.0,22758.0,60.0,11.0,,14.0,14.0,,,,,20.0,77.1,69.5,3.2,4.4,26.6,10.9,4.4,2.0,1.3,1.1,-19.0,12313.809523809525,40784.0,3.3120538303878724
69089,Francheville,5582.0,13826.0,25696.08695652174,69.0,7.0,,12.0,8.0,,,,,17.0,79.5,71.6,2.7,5.3,26.2,11.6,3.3,1.8,0.7,0.8,-20.6,13922.5,45955.71428571428,3.300823435856655
69090,Frontenas,307.0,820.5,26619.04761904762,,,,,,,,,,,,,,,,,,,,,,,,
69091,Givors,7641.0,19237.5,16650.74074074074,36.0,27.0,33.0,33.0,34.0,27.0,15.0,15.0,7.0,42.0,65.8,59.0,4.8,2.0,27.9,6.1,12.3,4.6,4.3,3.4,-12.1,8813.529411764706,27716.0,3.144710672095041
69092,Gleizé,3047.0,7550.5,21165.2,51.0,14.0,,22.0,16.0,,,,,27.0,67.3,59.4,2.5,5.4,32.4,10.7,6.0,2.6,1.9,1.6,-16.4,11345.0,37463.46153846154,3.302200223751568
69093,Grandris,485.0,1057.5,19517.14285714285,,,,,,,,,,,,,,,,,,,,,,,,
69094,Grézieu-la-Varenne,2370.0,5912.0,25606.0,67.0,5.0,,,,,,,,11.0,76.2,69.1,2.9,4.2,26.0,13.8,3.0,1.8,0.6,0.6,-19.0,14810.0,43370.0,2.928426738690074
69095,Grézieu-le-Marché,323.0,838.0,20783.33333333333,,,,,,,,,,,,,,,,,,,,,,,,
69096,Grigny,3832.0,9666.0,19506.19047619048,48.0,16.0,,17.0,19.0,15.0,,,6.0,27.0,77.7,71.6,3.7,2.3,23.1,5.9,7.6,3.6,2.2,1.9,-14.3,11198.695652173914,30769.0,2.7475521217533094
69097,Les Haies,299.0,802.5,22207.0,,,,,,,,,,,,,,,,,,,,,,,,
69098,Les Halles,173.0,473.0,19988.0,,,,,,,,,,,,,,,,,,,,,,,,
69099,Haute-Rivoire,533.0,1312.0,19545.5,,,,,,,,,,,,,,,,,,,,,,,,
69100,Irigny,3366.0,8690.0,23341.923076923074,63.0,11.0,,14.0,10.0,15.0,,,6.0,21.0,77.4,70.1,3.1,4.2,27.6,8.9,4.3,2.2,1.3,0.9,-18.2,12190.76923076923,39460.0,3.236875315497224
69102,Joux,275.0,731.5,20495.23809523809,,,,,,,,,,,,,,,,,,,,,,,,
69103,Juliénas,379.0,881.0,21965.666666666664,,,,,,,,,,,,,,,,,,,,,,,,
69104,Jullié,192.0,433.0,20423.33333333333,,,,,,,,,,,,,,,,,,,,,,,,
69105,Lacenas,372.0,970.0,25091.666666666664,,,,,,,,,,,,,,,,,,,,,,,,
69106,Lachassagne,406.0,1105.5,29361.33333333333,,,,,,,,,,,,,,,,,,,,,,,,
69107,Lamure-sur-Azergues,423.0,996.5,20582.17391304348,,,,,,,,,,,,,,,,,,,,,,,,
69108,Lancié,393.0,1037.0,21812.61904761905,,,,,,,,,,,,,,,,,,,,,,,,
69109,Lantignié,352.0,898.5,21925.23809523809,,,,,,,,,,,,,,,,,,,,,,,,
69110,Larajasse,690.0,1781.5,20998.0,,,,,,,,,,,,,,,,,,,,,,,,
69111,Légny,248.0,678.5,25485.33333333333,,,,,,,,,,,,,,,,,,,,,,,,
69112,Lentilly,2288.0,5998.5,27424.44444444444,71.0,5.0,,,,,,,,,82.5,74.9,2.8,4.7,22.0,13.1,2.5,1.5,0.5,0.5,-20.1,15613.333333333334,47525.0,3.043872758326217
69113,Létra,321.0,842.5,21362.222222222223,,,,,,,,,,,,,,,,,,,,,,,,
69115,Limas,1874.0,4844.5,22945.33333333333,58.0,12.0,,,,,,,,28.0,68.1,62.0,2.5,3.6,31.2,12.6,4.9,2.5,1.2,1.3,-16.8,12073.333333333334,40046.0,3.316896742131419
69116,Limonest,1383.0,3573.0,29251.333333333336,71.0,,,,,,,,,,82.5,69.9,2.4,10.2,21.6,20.5,2.1,1.1,0.5,0.5,-26.7,14545.652173913044,64584.5,4.440124047227619
69117,Lissieu,1130.0,3120.5,30432.0,75.0,,,,,,,,,,81.0,71.4,2.4,7.2,24.7,15.0,1.9,1.2,0.4,0.2,-22.6,17002.4,54478.0,3.204135886698348
69118,Loire-sur-Rhône,1025.0,2591.0,22273.46153846154,59.0,,,,,,,,,,73.7,67.6,2.5,3.6,27.7,9.9,4.1,2.3,0.9,0.9,-15.4,13407.5,34390.0,2.564982286033936
69119,Longes,357.0,921.5,22067.14285714285,,,,,,,,,,,,,,,,,,,,,,,,
69120,Longessaigne,232.0,609.0,18849.33333333333,,,,,,,,,,,,,,,,,,,,,,,,
69121,Lozanne,1094.0,2649.0,24465.925925925923,65.0,,,,,,,,,,80.2,72.8,2.5,5.0,26.1,7.7,3.4,2.0,0.7,0.7,-17.4,13856.4,39549.62962962963,2.8542499949214535
69122,Lucenay,674.0,1809.5,25881.2,,,,,,,,,,,,,,,,,,,,,,,,
69123,Lyon,225617.0,459305.5,22806.0,60.0,15.0,21.0,13.0,17.0,16.0,10.0,7.0,5.0,22.0,81.8,72.6,3.4,5.9,22.3,11.7,4.9,1.6,1.7,1.6,-20.7,10886.0,45148.66666666666,4.147406454773715
69124,Marchampt,206.0,462.5,21419.42857142857,,,,,,,,,,,,,,,,,,,,,,,,
69125,Marcilly-d'Azergues,353.0,871.5,28142.0,,,,,,,,,,,,,,,,,,,,,,,,
69126,Marcy,271.0,719.5,28557.33333333333,,,,,,,,,,,,,,,,,,,,,,,,
69127,Marcy-l'Étoile,1217.0,3271.0,27851.5,72.0,,,,,,,,,,84.7,77.6,2.6,4.5,21.8,10.1,2.9,1.7,0.5,0.7,-19.5,14772.22222222222,45310.833333333336,3.067299736743137
69130,Meaux-la-Montagne,85.0,197.0,18959.33333333333,,,,,,,,,,,,,,,,,,,,,,,,
69131,Messimy,1312.0,3402.5,24753.0,66.0,,,,,,,,,,79.8,72.3,2.0,5.5,22.9,12.5,2.8,1.9,0.5,0.4,-18.0,15305.384615384615,39372.0,2.572428004221742
69132,Meys,313.0,810.5,20287.14285714285,,,,,,,,,,,,,,,,,,,,,,,,
69133,Millery,1717.0,4472.0,27696.666666666668,73.0,,,,,,,,,,81.1,73.9,2.5,4.7,22.9,14.5,2.3,1.4,0.5,0.4,-20.8,15872.85714285714,50276.0,3.1674196741967426
69134,Moiré,85.0,214.0,26962.733333333334,,,,,,,,,,,,,,,,,,,,,,,,
69135,Deux-Grosnes,792.0,1813.5,19122.777777777777,,,,,,,,,,,,,,,,,,,,,,,,
69136,Montagny,1163.0,3113.0,25396.5,70.0,,,,,,,,,,74.7,68.4,2.3,4.0,28.3,13.0,2.7,1.9,0.5,0.4,-18.7,14946.0,39867.333333333336,2.667424952049601
69137,Montmelas-Saint-Sorlin,160.0,416.5,23717.0,,,,,,,,,,,,,,,,,,,,,,,,
69138,Montromant,171.0,455.0,21917.916666666668,,,,,,,,,,,,,,,,,,,,,,,,
69139,Montrottier,610.0,1485.5,20593.2,,,,,,,,,,,,,,,,,,,,,,,,
69140,Morancé,780.0,2118.0,27137.61904761905,71.0,,,,,,,,,,82.2,73.8,2.3,6.1,23.5,13.1,2.2,1.5,0.4,0.3,-21.0,15939.0,48866.0,3.0658134136395008
69141,Mornant,2414.0,5878.5,24422.666666666668,64.0,5.0,,,,,,,,,76.9,69.2,2.6,5.1,26.7,11.4,3.0,1.7,0.7,0.6,-18.0,14795.0,40708.69565217392,2.7515171106572436
69142,La Mulatière,2974.0,6252.0,20534.666666666668,55.0,18.0,,23.0,24.0,,,,,33.0,71.6,62.0,3.4,6.2,29.2,12.7,5.8,2.0,2.1,1.7,-19.3,10130.0,38172.0,3.768213228035538
69143,Neuville-sur-Saône,3353.0,7227.5,20547.0,53.0,14.0,,16.0,18.0,14.0,,,,22.0,70.3,64.6,3.5,2.2,31.2,8.8,5.7,2.0,2.0,1.6,-16.0,11534.0,36722.0,3.1838044043696896
69145,Odenas,360.0,906.5,21807.33333333333,,,,,,,,,,,,,,,,,,,,,,,,
69148,Orliénas,946.0,2526.5,26729.565217391308,72.0,,,,,,,,,,82.7,74.7,1.9,6.1,22.3,13.4,2.4,1.5,0.4,0.4,-20.8,15489.0,46907.2,3.0284201691523016
69149,Oullins,12008.0,25790.5,21222.0,57.0,14.0,19.0,15.0,18.0,14.0,9.0,,5.0,25.0,75.9,69.7,3.1,3.1,27.5,7.8,5.6,2.2,1.9,1.5,-16.8,11406.8,35588.666666666664,3.1199518415915652
69151,Le Perréon,558.0,1499.0,21435.0,,,,,,,,,,,,,,,,,,,,,,,,
69152,Pierre-Bénite,4118.0,10080.0,19290.0,49.0,19.0,,20.0,27.0,20.0,11.0,,6.0,34.0,73.5,67.5,3.8,2.3,26.0,6.0,8.6,3.5,2.9,2.2,-14.1,10150.666666666666,31066.923076923074,3.060579575422607
69153,Poleymieux-au-Mont-d'Or,387.0,1046.5,32090.714285714286,,,,,,,,,,,,,,,,,,,,,,,,
69154,Pollionnay,905.0,2420.0,26213.666666666668,74.0,,,,,,,,,,84.6,75.4,3.2,6.0,20.6,12.1,2.6,1.8,0.5,0.4,-19.9,15642.5,42969.76190476191,2.7469881351933454
69155,Pomeys,429.0,1193.5,23020.0,,,,,,,,,,,,,,,,,,,,,,,,
69156,Pommiers,986.0,2690.5,28290.0,74.0,,,,,,,,,,78.8,71.2,1.9,5.7,25.6,14.6,2.3,1.6,0.3,0.3,-21.3,16433.0,48186.5,2.9323008580295746
69157,Vindry-sur-Turdine,2058.0,5192.5,23005.5,59.0,5.0,,,,,,,,,74.8,66.2,2.9,5.8,27.8,9.3,3.7,2.2,0.8,0.6,-15.6,14599.0,36844.66666666666,2.523780167591387
69159,Porte des Pierres Dorées,1384.0,3702.5,24380.869565217392,63.0,6.0,,,,,,,,,78.8,69.5,2.6,6.7,24.7,10.9,3.1,2.1,0.6,0.4,-17.5,14214.782608695654,42087.5,2.9608261454701164
69160,Poule-les-Écharmeaux,442.0,1052.5,19963.2,,,,,,,,,,,,,,,,,,,,,,,,
69161,Propières,217.0,462.5,17912.5,,,,,,,,,,,,,,,,,,,,,,,,
69162,Quincié-en-Beaujolais,557.0,1360.0,21048.5,,,,,,,,,,,,,,,,,,,,,,,,
69163,Quincieux,1314.0,3554.5,23614.0,60.0,,,,,,,,,,81.7,74.7,3.2,3.7,23.1,7.6,3.2,2.2,0.6,0.4,-15.6,14681.333333333334,37142.8,2.5299337026609754
69164,Ranchal,136.0,308.5,18968.0,,,,,,,,,,,,,,,,,,,,,,,,
69165,Régnié-Durette,435.0,1143.0,21335.0,,,,,,,,,,,,,,,,,,,,,,,,
69166,Riverie,114.0,301.0,22252.38095238095,,,,,,,,,,,,,,,,,,,,,,,,
69167,Rivolet,220.0,586.5,22007.222222222223,,,,,,,,,,,,,,,,,,,,,,,,
69168,Rochetaillée-sur-Saône,535.0,1452.0,25134.8,,,,,,,,,,,,,,,,,,,,,,,,
69169,Ronno,261.0,663.5,21440.4,,,,,,,,,,,,,,,,,,,,,,,,
69170,Rontalon,454.0,1188.0,22233.214285714286,,,,,,,,,,,,,,,,,,,,,,,,
69171,Sain-Bel,984.0,2303.0,21963.809523809523,58.0,9.0,,,,,,,,,77.4,71.1,3.3,3.0,25.9,8.4,4.5,2.3,1.2,1.0,-16.2,12856.190476190475,37418.0,2.9105044818134678
69172,Salles-Arbuissonnas-en-Beaujolais,301.0,797.5,24050.0,,,,,,,,,,,,,,,,,,,,,,,,
69173,Sarcey,383.0,971.0,24404.0,,,,,,,,,,,,,,,,,,,,,,,,
69174,Les Sauvages,221.0,583.5,19984.761904761905,,,,,,,,,,,,,,,,,,,,,,,,
69175,Savigny,809.0,2077.5,23364.666666666668,61.0,,,,,,,,,,75.1,69.3,2.1,3.7,26.2,11.2,3.6,2.0,0.9,0.6,-16.1,14836.0,37318.0,2.515368023726072
69176,Soucieu-en-Jarrest,1695.0,4588.0,24973.666666666664,65.0,5.0,,,,,,,,,83.6,77.0,2.1,4.5,20.6,9.8,3.4,2.3,0.6,0.5,-17.4,15180.666666666666,39560.38461538462,2.6059714954581232
69177,Sourcieux-les-Mines,770.0,2061.0,24473.57142857143,67.0,,,,,,,,,,80.5,73.2,2.7,4.5,26.1,7.6,3.0,2.1,0.5,0.4,-17.2,15543.333333333332,39471.83673469388,2.5394705169221887
69178,Souzy,297.0,779.0,20480.95238095238,,,,,,,,,,,,,,,,,,,,,,,,
69179,Beauvallon,1531.0,4126.5,25288.0,67.0,,,,,,,,,,82.9,75.2,2.3,5.4,22.6,9.1,2.6,1.7,0.5,0.4,-17.2,15748.75,40795.71428571429,2.5904096697016774
69180,Saint-André-la-Côte,105.0,288.0,23332.666666666668,,,,,,,,,,,,,,,,,,,,,,,,
69181,Saint-Appolinaire,73.0,191.0,23189.04761904762,,,,,,,,,,,,,,,,,,,,,,,,
69182,Saint-Bonnet-des-Bruyères,165.0,351.5,19086.0,,,,,,,,,,,,,,,,,,,,,,,,
69183,Saint-Bonnet-le-Troncy,139.0,315.0,19120.0,,,,,,,,,,,,,,,,,,,,,,,,
69184,Sainte-Catherine,396.0,1009.5,22354.0,,,,,,,,,,,,,,,,,,,,,,,,
69186,Saint-Clément-de-Vers,90.0,207.0,19871.25,,,,,,,,,,,,,,,,,,,,,,,,
69187,Saint-Clément-les-Places,259.0,653.0,21390.33333333333,,,,,,,,,,,,,,,,,,,,,,,,
69188,Saint-Clément-sur-Valsonne,299.0,803.5,21292.0,,,,,,,,,,,,,,,,,,,,,,,,
69189,Sainte-Colombe,958.0,1910.0,22696.08695652174,,,,,,,,,,,,,,,,,,,,,,,,
69190,Sainte-Consorce,766.0,2092.5,27686.5,72.0,,,,,,,,,,84.3,77.2,2.2,4.8,22.5,11.4,2.1,1.4,0.4,0.3,-20.3,15143.076923076922,47272.8,3.1217433709234994
69191,Saint-Cyr-au-Mont-d'Or,2161.0,5606.5,36722.0,77.0,6.0,,,,,,,,18.0,83.6,73.1,1.8,8.7,23.4,23.6,1.2,0.6,0.4,0.3,-31.8,16168.0,82486.25,5.1018214992577935
69192,Saint-Cyr-le-Chatoux,53.0,144.0,24420.333333333336,,,,,,,,,,,,,,,,,,,,,,,,
69193,Saint-Cyr-sur-le-Rhône,475.0,1323.0,27963.809523809523,,,,,,,,,,,,,,,,,,,,,,,,
69194,Saint-Didier-au-Mont-d'Or,2597.0,6783.0,36818.66666666666,80.0,5.0,,,,,,,,,78.6,67.2,1.9,9.5,25.6,24.7,1.2,0.6,0.4,0.2,-30.1,17200.666666666668,85026.0,4.9431804968799655
69196,Saint-Didier-sur-Beaujeu,238.0,580.5,21174.285714285717,,,,,,,,,,,,,,,,,,,,,,,,
69197,Saint-Étienne-des-Oullières,829.0,2199.5,22408.666666666668,55.0,,,,,,,,,,79.4,70.9,2.2,6.2,20.2,11.7,4.1,2.5,0.9,0.8,-15.4,13968.75,35076.8,2.5110908277404924
69198,Saint-Étienne-la-Varenne,294.0,727.5,23996.0,,,,,,,,,,,,,,,,,,,,,,,,
69199,Saint-Fons,6753.0,17669.5,15375.333333333334,33.0,31.0,37.0,35.0,38.0,28.0,22.0,17.0,13.0,41.0,66.0,59.1,5.3,1.7,25.4,4.3,15.4,5.8,5.2,4.4,-11.1,8868.823529411766,25583.0,2.88459905816807
69200,Saint-Forgeux,616.0,1552.0,22416.78571428572,,,,,,,,,,,,,,,,,,,,,,,,
69201,Sainte-Foy-l'Argentière,649.0,1273.0,19335.0,,,,,,,,,,,,,,,,,,,,,,,,
69202,Sainte-Foy-lès-Lyon,9400.0,21939.0,26202.222222222223,69.0,8.0,,12.0,10.0,8.0,,,5.0,18.0,73.4,64.7,2.4,6.2,30.1,17.1,2.7,1.3,0.8,0.6,-23.3,13459.0,54016.66666666666,4.013423483666443
69203,Saint-Genis-l'Argentière,404.0,961.0,21937.0,,,,,,,,,,,,,,,,,,,,,,,,
69204,Saint-Genis-Laval,8572.0,20839.0,24695.217391304348,65.0,9.0,20.0,11.0,10.0,8.0,5.0,,5.0,18.0,74.4,67.1,2.4,4.9,29.5,11.4,3.9,1.9,1.1,0.9,-19.2,12936.122448979591,44088.57142857143,3.4081751778755898
69205,Saint-Genis-les-Ollières,1907.0,4910.0,27953.33333333333,73.0,5.0,,,,,,,,,79.5,72.6,2.2,4.6,27.7,11.2,2.5,1.4,0.6,0.5,-20.9,15965.789473684212,47274.0,2.960955991429042
69206,Saint-Georges-de-Reneins,1718.0,4308.0,22666.0,58.0,7.0,,,,,,,,,75.7,67.1,3.0,5.6,24.2,14.1,3.8,1.9,1.2,0.6,-17.8,13550.666666666666,38724.28571428571,2.8577402622960038
69207,Saint-Germain-au-Mont-d'Or,1189.0,3031.0,24030.434782608696,61.0,8.0,,,,,,,,,81.6,75.1,3.2,3.3,22.8,9.8,4.4,2.4,1.0,1.0,-18.6,13042.666666666666,42019.333333333336,3.221682682478021
69208,Saint-Germain-Nuelles,812.0,2252.0,26736.0,68.0,,,,,,,,,,83.1,74.5,2.8,5.9,22.6,10.0,2.6,1.8,0.4,0.4,-18.3,16223.809523809525,41118.66666666666,2.534464338127384
69209,Saint-Igny-de-Vers,251.0,517.0,20336.666666666668,,,,,,,,,,,,,,,,,,,,,,,,
69212,Saint-Jean-des-Vignes,182.0,467.0,25874.333333333336,,,,,,,,,,,,,,,,,,,,,,,,
69214,Saint-Jean-la-Bussière,456.0,1200.5,20324.78260869565,,,,,,,,,,,,,,,,,,,,,,,,
69215,Saint-Julien,336.0,863.0,23712.777777777777,,,,,,,,,,,,,,,,,,,,,,,,
69216,Saint-Julien-sur-Bibost,239.0,561.5,21664.666666666668,,,,,,,,,,,,,,,,,,,,,,,,
69217,Saint-Just-d'Avray,319.0,760.0,20550.0,,,,,,,,,,,,,,,,,,,,,,,,
69218,Saint-Lager,405.0,1034.0,22620.0,,,,,,,,,,,,,,,,,,,,,,,,
69219,Saint-Laurent-d'Agny,859.0,2249.0,26744.0,70.0,,,,,,,,,,82.4,73.5,2.6,6.3,23.9,11.2,2.4,1.5,0.5,0.4,-19.9,16561.25,43769.333333333336,2.6428761919138553
69220,Saint-Laurent-de-Chamousset,769.0,1704.5,20781.07142857143,,,,,,,,,,,,,,,,,,,,,,,,
69225,Saint-Marcel-l'Éclairé,215.0,533.0,21968.666666666668,,,,,,,,,,,,,,,,,,,,,,,,
69227,Saint-Martin-en-Haut,1542.0,3704.5,21504.666666666668,47.0,9.0,,,,,,,9.0,,71.6,63.0,2.2,6.4,27.1,12.6,4.1,2.3,0.8,0.9,-15.4,12894.0,34026.0,2.6389018147975802
69228,Chabanière,1599.0,4138.5,23668.666666666668,58.0,8.0,,,,,,,7.0,,78.5,68.7,2.9,6.9,23.1,11.1,3.6,2.2,0.9,0.5,-16.3,13443.809523809525,38783.0,2.8848221875885516
69229,Saint-Nizier-d'Azergues,323.0,779.0,20794.708333333336,,,,,,,,,,,,,,,,,,,,,,,,
69230,Sainte-Paule,126.0,333.0,20520.666666666668,,,,,,,,,,,,,,,,,,,,,,,,
69231,Saint-Pierre-la-Palud,1051.0,2739.5,24446.666666666668,64.0,,,,,,,,,,84.1,77.6,2.6,3.8,22.0,6.1,3.6,2.3,0.8,0.6,-15.8,15110.476190476187,39408.0,2.6079919324341363
69233,Saint-Romain-au-Mont-d'Or,466.0,1185.0,30422.666666666668,,,,,,,,,,,,,,,,,,,,,,,,
69234,Saint-Romain-de-Popey,629.0,1615.0,23356.666666666668,,,,,,,,,,,,,,,,,,,,,,,,
69235,Saint-Romain-en-Gal,808.0,1861.5,22821.0,,,,,,,,,,,,,,,,,,,,,,,,
69236,Saint-Romain-en-Gier,229.0,599.5,22093.33333333333,,,,,,,,,,,,,,,,,,,,,,,,
69238,Saint-Symphorien-sur-Coise,1626.0,3546.5,19469.0,41.0,12.0,,,,,,,,23.0,60.7,55.4,2.7,2.7,37.0,8.7,6.3,2.8,1.8,1.6,-12.7,12188.0,29944.0,2.456842796192977
69239,Saint-Vérand,471.0,1200.5,22560.95238095238,,,,,,,,,,,,,,,,,,,,,,,,
69240,Saint-Vincent-de-Reins,293.0,622.5,19767.222222222223,,,,,,,,,,,,,,,,,,,,,,,,
69241,Taluyers,949.0,2512.0,25645.23809523809,70.0,,,,,,,,,,82.5,71.5,2.2,8.8,21.9,11.6,2.6,1.7,0.6,0.4,-18.6,15213.125,41484.0,2.7268559221067337
69242,Taponas,333.0,942.0,21376.153846153844,,,,,,,,,,,,,,,,,,,,,,,,
69243,Tarare,4520.0,10087.0,17587.5,37.0,21.0,,24.0,29.0,20.0,16.0,,7.0,30.0,63.5,56.6,3.6,3.2,31.6,7.4,10.1,3.6,3.8,2.7,-12.6,10065.172413793103,28490.0,2.830552605433554
69244,Tassin-la-Demi-Lune,9742.0,21447.0,25807.407407407405,68.0,8.0,,9.0,9.0,8.0,,,5.0,14.0,79.9,71.8,2.8,5.3,25.2,13.8,3.1,1.5,0.8,0.8,-22.0,13545.666666666666,48868.61111111111,3.607693317256031
69245,Ternand,281.0,704.5,23877.5,,,,,,,,,,,,,,,,,,,,,,,,
69246,Theizé,476.0,1228.0,25525.33333333333,,,,,,,,,,,,,,,,,,,,,,,,
69248,Thizy-les-Bourgs,2447.0,5596.0,19273.5,42.0,15.0,,,21.0,,,,9.0,28.0,61.4,53.4,3.4,4.7,36.6,8.1,6.5,2.7,2.2,1.6,-12.6,11120.0,30366.923076923074,2.730838406198118
69249,Thurins,1179.0,3033.5,23540.666666666668,62.0,7.0,,,,,,,,,81.9,73.0,2.4,6.5,19.0,13.0,3.2,2.1,0.7,0.5,-17.1,14434.0,37763.0,2.61625329084107
69250,La Tour-de-Salvagny,1733.0,4301.5,30426.666666666668,74.0,,,,,,,,,,74.0,67.8,2.2,4.1,31.2,13.8,2.0,1.1,0.5,0.5,-21.0,16761.333333333332,52524.0,3.133640919576804
69252,Trèves,268.0,729.0,23197.69230769231,,,,,,,,,,,,,,,,,,,,,,,,
69253,Tupin-et-Semons,234.0,631.5,25748.4,,,,,,,,,,,,,,,,,,,,,,,,
69254,Valsonne,346.0,880.5,19364.5,,,,,,,,,,,,,,,,,,,,,,,,
69255,Vaugneray,2119.0,5362.0,24903.7,63.0,7.0,,,,,,,,14.0,77.6,69.1,2.8,5.8,24.2,13.2,3.2,2.0,0.6,0.6,-18.2,14178.5,41926.66666666666,2.9570593974444868
69256,Vaulx-en-Velin,16369.0,45403.5,15208.0,32.0,33.0,34.0,34.0,41.0,33.0,23.0,19.0,13.0,45.0,69.5,62.2,5.4,1.9,21.6,4.2,16.0,6.4,5.3,4.3,-11.3,8682.916666666668,26011.33333333333,2.995690772109985
69257,Vaux-en-Beaujolais,414.0,1096.5,22153.478260869568,,,,,,,,,,,,,,,,,,,,,,,,
69258,Vauxrenard,139.0,346.0,19127.333333333336,,,,,,,,,,,,,,,,,,,,,,,,
69259,Vénissieux,24199.0,62368.5,15725.0,38.0,31.0,35.0,37.0,38.0,32.0,18.0,13.0,10.0,42.0,66.9,60.5,4.7,1.7,26.0,5.1,14.3,5.5,4.9,4.0,-12.3,8760.666666666666,27441.42857142857,3.132344787850457
69260,Vernaison,1797.0,4741.0,24636.666666666664,64.0,11.0,,,,,,,,25.0,80.5,74.1,2.7,3.8,23.8,10.7,4.4,2.0,1.3,1.1,-19.4,12271.42857142857,44715.6,3.6438789289871947
69261,Vernay,,,,,,,,,,,,,,,,,,,,,,,,,,,
69263,Villechenève,344.0,893.0,20882.17391304348,,,,,,,,,,,,,,,,,,,,,,,,
69264,Villefranche-sur-Saône,16237.0,35236.5,17611.11111111111,43.0,24.0,25.0,30.0,29.0,25.0,16.0,11.0,8.0,32.0,67.8,60.9,4.2,2.7,28.2,7.9,10.2,3.6,3.5,3.1,-14.1,9514.444444444443,30895.5,3.2472206002569197
69265,Ville-sur-Jarnioux,324.0,841.0,24731.33333333333,,,,,,,,,,,,,,,,,,,,,,,,
69266,Villeurbanne,66202.0,141461.0,19480.5,52.0,19.0,24.0,19.0,24.0,20.0,14.0,10.0,6.0,29.0,78.3,71.5,3.9,2.9,22.7,7.2,7.8,2.7,2.7,2.4,-16.0,9906.25,34835.2,3.5164870662460563
69267,Villié-Morgon,832.0,2108.0,21896.0,52.0,,,,,,,,,,75.1,58.9,2.4,13.9,23.0,14.5,4.1,2.2,1.1,0.7,-16.7,13016.666666666666,36070.833333333336,2.7711267605633805
69268,Vourles,1367.0,3594.5,28957.33333333333,76.0,,,,,,,,,,86.1,76.3,2.6,7.2,21.3,12.3,2.5,1.4,0.6,0.5,-22.2,15712.0,53774.5,3.4225114562118124
69269,Yzeron,389.0,968.5,22244.0,,,,,,,,,,,,,,,,,,,,,,,,
69270,Chaponnay,1657.0,4325.5,27790.0,74.0,,,,,,,,,,79.5,71.7,2.2,5.5,23.9,15.3,1.9,1.3,0.4,0.2,-20.6,17097.619047619046,49558.0,2.898532237849882
69271,Chassieu,3982.0,10378.0,26555.25,70.0,7.0,,12.0,8.0,,,,,19.0,80.0,73.1,2.1,4.8,27.0,10.7,3.1,1.6,0.8,0.6,-20.8,14171.42857142857,45735.0,3.2272681451612906
69272,Communay,1596.0,4356.0,26368.0,69.0,,,,,,,,,,80.1,72.1,2.2,5.8,25.8,10.0,2.8,1.7,0.6,0.5,-18.7,15382.0,44170.66666666666,2.871581502188705
69273,Corbas,3948.0,10170.0,23174.10476190476,63.0,7.0,,,8.0,,,,5.0,14.0,75.0,69.7,2.5,2.8,28.8,8.8,4.1,2.4,1.0,0.8,-16.7,14033.333333333334,36196.8,2.5793444180522567
69275,Décines-Charpieu,11590.0,28222.0,19954.0,52.0,15.0,18.0,18.0,20.0,16.0,8.0,9.0,6.0,26.0,73.9,67.3,3.7,2.9,26.5,7.5,7.3,3.1,2.4,1.8,-15.2,10916.190476190475,33001.5,3.0231700401326123
69276,Feyzin,3612.0,9627.0,20589.04761904762,53.0,13.0,,17.0,15.0,13.0,,,6.0,27.0,75.3,69.1,3.7,2.5,26.6,6.6,6.4,3.1,1.9,1.4,-14.9,11579.444444444443,32847.22222222222,2.836683778726671
69277,Genas,5080.0,13360.5,28310.357142857145,75.0,5.0,,,,,,,,9.0,83.3,77.1,2.3,3.8,22.4,11.9,2.3,1.4,0.5,0.4,-19.9,16626.25,47171.11111111111,2.8371467475294256
69278,Genay,2136.0,5440.0,23817.33333333333,61.0,9.0,,,,,,,,18.0,79.2,72.1,3.0,4.1,25.2,9.4,4.0,2.1,1.0,0.9,-17.8,12757.747844827589,39741.333333333336,3.1150743702342245
69279,Jonage,2096.0,5898.0,25194.666666666668,69.0,5.0,,,,,,,,,81.4,73.8,2.6,5.0,24.8,9.8,2.7,1.7,0.7,0.3,-18.7,15679.714285714286,41318.0,2.635124546730079
69280,Jons,483.0,1389.0,23563.07692307692,,,,,,,,,,,,,,,,,,,,,,,,
69281,Marennes,642.0,1696.5,26221.304347826088,,,,,,,,,,,,,,,,,,,,,,,,
69282,Meyzieu,12459.0,32389.0,21807.33333333333,57.0,12.0,14.0,13.0,15.0,12.0,7.0,,6.0,21.0,75.0,68.6,3.2,3.2,27.5,8.5,5.4,2.8,1.4,1.2,-16.4,12073.478260869566,36893.33333333333,3.055733611821335
69283,Mions,5092.0,13992.5,23255.0,62.0,8.0,,9.0,11.0,,,,5.0,18.0,79.8,73.5,2.8,3.4,23.8,8.3,4.7,2.7,1.1,0.9,-16.6,13244.21052631579,36485.0,2.7547885868701316
69284,Montanay,1126.0,3186.5,29929.33333333333,77.0,,,,,,,,,,83.0,74.7,2.9,5.4,22.2,14.3,2.0,1.3,0.4,0.3,-21.5,16829.583333333336,50051.5,2.974018964620831
69285,Pusignan,1465.0,4098.0,23286.666666666668,63.0,7.0,,,,,,,,,78.7,71.1,3.2,4.4,23.3,11.0,3.9,2.5,0.9,0.5,-16.9,14052.5,38961.09090909091,2.7725380472578482
69286,Rillieux-la-Pape,11390.0,29736.0,17844.333333333332,44.0,24.0,33.0,33.0,30.0,22.0,13.0,10.0,5.0,37.0,70.6,62.6,3.8,4.2,26.2,8.4,10.2,4.0,3.3,2.9,-15.4,9728.076923076922,34658.0,3.562677420630214
69287,Saint-Bonnet-de-Mure,2485.0,6772.0,25980.555555555555,72.0,5.0,,,,,,,,,84.0,77.0,2.9,4.1,22.9,9.0,2.6,1.6,0.5,0.4,-18.5,15651.90476190476,41164.4,2.6299930025251763
69288,Saint-Laurent-de-Mure,2118.0,5491.5,24708.0,69.0,6.0,,,,,,,,,77.7,71.4,2.9,3.4,26.7,10.9,2.9,1.8,0.7,0.4,-18.2,14728.947368421052,40405.0,2.7432374486331965
69289,Saint-Pierre-de-Chandieu,1741.0,4639.5,25411.33333333333,69.0,,,,,,,,,,82.9,73.6,2.7,6.6,23.8,9.6,2.4,1.6,0.4,0.3,-18.7,15645.76923076923,41103.80952380952,2.627151718623977
69290,Saint-Priest,18148.0,46322.5,19394.0,49.0,17.0,19.0,20.0,23.0,16.0,10.0,8.0,6.0,29.0,74.2,67.6,3.9,2.7,25.9,6.9,7.8,3.6,2.3,1.9,-14.8,10525.333333333334,32611.2,3.0983531796300987
69291,Saint-Symphorien-d'Ozon,2272.0,5586.0,23796.0,64.0,6.0,,,,,,,,13.0,80.8,73.9,2.7,4.1,24.2,7.8,3.7,2.1,0.9,0.7,-16.5,14224.666666666666,37542.0,2.639218259361672
69292,Sathonay-Camp,2460.0,5637.5,21462.083333333336,60.0,10.0,,,,,,,,15.0,83.5,77.7,3.0,2.7,21.2,6.3,5.1,2.5,1.4,1.3,-16.1,12376.0,35599.04761904762,2.8764582756179395
69293,Sathonay-Village,806.0,2223.5,30026.666666666664,77.0,,,,,,,,,,86.6,78.9,1.6,6.1,21.6,11.3,1.8,1.3,0.2,0.2,-21.3,17574.0,52155.23809523809,2.96774997696814
69294,Sérézin-du-Rhône,1078.0,2669.5,25419.33333333333,68.0,,,,,,,,,,76.6,70.2,2.4,4.1,27.1,10.3,3.2,1.9,0.8,0.5,-17.2,15025.675675675677,39755.2,2.645817789369547
69295,Simandres,676.0,1800.0,25202.86904761905,,,,,,,,,,,,,,,,,,,,,,,,
69296,Solaize,1156.0,3076.5,26500.0,69.0,,,,,,,,,,78.8,72.3,2.4,4.2,24.7,12.5,2.7,1.7,0.6,0.5,-18.7,15327.0,45601.333333333336,2.9752288988930213
69297,Ternay,2070.0,5568.0,25129.0,65.0,7.0,,,,,,,,17.0,75.8,69.6,2.4,3.7,28.3,10.0,3.4,1.9,0.8,0.6,-17.5,13525.333333333334,41690.95238095238,3.082434373591708
69298,Toussieu,1085.0,3023.0,26438.8,72.0,,,,,,,,,,84.1,77.7,2.4,4.0,20.9,11.1,2.5,1.9,0.4,0.2,-18.6,16267.0,40913.333333333336,2.5151123952378027
69299,Colombier-Saugnieu,912.0,2421.5,24004.0,66.0,,,,,,,,,,83.0,76.1,3.5,3.4,21.7,8.4,2.7,1.7,0.7,0.3,-15.8,15280.0,37875.71428571428,2.4787771129394165
69381,Lyon 1er Arrondissement,13873.0,26207.0,23020.0,59.0,15.0,22.0,12.0,14.0,16.0,13.0,12.0,5.0,21.0,87.1,75.3,5.0,6.9,17.6,11.0,4.8,1.2,1.9,1.7,-20.5,10882.666666666666,46772.0,4.297843665768195
69382,Lyon 2e Arrondissement,13411.0,26862.5,26190.0,65.0,11.0,20.0,9.0,11.0,11.0,8.0,,5.0,15.0,82.3,70.1,3.0,9.2,21.1,18.3,3.1,1.0,1.0,1.0,-24.8,12063.0,56698.0,4.700157506424604
69383,Lyon 3e Arrondissement,45368.0,91780.0,24231.369565217392,64.0,13.0,19.0,9.0,15.0,14.0,10.0,8.0,5.0,20.0,85.6,76.8,3.0,5.8,20.6,10.3,4.4,1.4,1.5,1.4,-20.9,11381.739130434784,45830.0,4.026625410650164
69384,Lyon 4e Arrondissement,16891.0,34677.5,25092.666666666668,65.0,10.0,21.0,9.0,10.0,11.0,7.0,,5.0,17.0,80.7,70.3,3.8,6.7,24.1,13.7,3.4,1.3,1.2,1.0,-21.9,12557.333333333334,48496.66666666666,3.8620195370566988
69385,Lyon 5e Arrondissement,20018.0,41509.0,23376.923076923074,62.0,13.0,22.0,15.0,16.0,13.0,6.0,5.0,5.0,22.0,75.3,66.6,3.1,5.6,29.3,11.8,4.2,1.6,1.4,1.2,-20.6,11580.689655172417,45385.0,3.919023939971414
69386,Lyon 6e Arrondissement,23748.0,48249.5,30020.0,71.0,8.0,15.0,8.0,9.0,9.0,6.0,5.0,5.0,13.0,80.1,69.1,2.5,8.6,23.9,19.7,2.3,0.8,0.8,0.7,-26.0,13267.222222222224,63574.5,4.791847075080607
69387,Lyon 7e Arrondissement,34399.0,67129.5,21826.666666666668,58.0,15.0,22.0,12.0,18.0,17.0,12.0,7.0,5.0,22.0,85.8,77.7,3.8,4.3,18.8,7.8,5.7,1.8,1.9,2.0,-18.1,10680.0,38907.333333333336,3.643008739076155
69388,Lyon 8e Arrondissement,36107.0,75244.0,19031.5,50.0,21.0,26.0,22.0,27.0,21.0,14.0,9.0,5.0,30.0,77.5,70.2,3.6,3.7,23.7,7.2,8.3,2.7,3.0,2.7,-16.7,9731.935483870968,36059.13043478261,3.7052373080919514
69389,Lyon 9e Arrondissement,21802.0,47646.5,19289.074074074077,52.0,21.0,22.0,20.0,26.0,24.0,14.0,9.0,5.0,29.0,80.0,72.5,4.0,3.5,21.4,7.1,8.3,2.9,2.8,2.6,-16.8,9917.222222222224,35740.41666666667,3.6038737325640016
