IRIS,DEC_PIMP18,DEC_TP6018,DEC_Q118,DEC_MED18,DEC_Q318,DEC_EQ18,DEC_D118,DEC_D218,DEC_D318,DEC_D418,DEC_D618,DEC_D718,DEC_D818,DEC_D918,DEC_RD18,DEC_S80S2018,DEC_GI18,DEC_PACT18,DEC_PTSA18,DEC_PCHO18,DEC_PBEN18,DEC_PPEN18,DEC_PAUT18,DEC_NOTE18
690270102,64.7,14.2,18200.0,25890.0,35800.0,0.68,10380.0,16000.0,19710.0,22920.0,29460.0,33670.0,38060.0,46520.0,4.5,5.4,0.307,68.8,63.8,2.1,2.9,26.5,4.7,0
690270103,,,7760.0,14030.0,19660.0,0.85,3870.0,6350.0,9030.0,11660.0,16050.0,18570.0,21690.0,27460.0,7.1,9.9,0.381,64.8,,,,33.6,1.6,0
690270104,62.0,11.8,17850.0,24080.0,32170.0,0.59,12160.0,16370.0,19550.0,21710.0,26660.0,30060.0,34510.0,41980.0,3.5,4.3,0.274,70.8,65.5,2.5,2.8,24.4,4.8,1
690270105,80.6,,25110.0,33860.0,46380.0,0.63,18990.0,23740.0,27100.0,30200.0,37570.0,43200.0,51660.0,70120.0,3.7,4.5,0.304,68.6,61.4,1.5,5.7,23.0,8.4,0
690290101,47.3,35.1,8660.0,18270.0,28410.0,1.08,2250.0,7220.0,11130.0,15340.0,21850.0,25340.0,31370.0,46550.0,20.7,18.3,0.46,71.6,61.5,3.3,6.8,24.2,4.2,0
690290102,59.3,18.8,15430.0,22440.0,30990.0,0.69,9000.0,13440.0,16950.0,19860.0,25370.0,29030.0,33460.0,43550.0,4.8,5.9,0.329,70.1,62.3,2.7,5.1,26.5,3.4,0
690290103,70.3,,21390.0,29420.0,41530.0,0.68,14170.0,19530.0,22860.0,25940.0,33250.0,38330.0,46200.0,57940.0,4.1,5.4,0.321,67.1,59.6,2.0,5.5,27.5,5.4,0
690290104,74.8,,21780.0,28780.0,39380.0,0.61,15780.0,20480.0,23000.0,26010.0,32620.0,36750.0,41650.0,53500.0,3.4,4.8,0.31,61.3,53.2,1.8,6.3,32.6,6.1,0
690290201,51.5,27.9,11840.0,19250.0,26250.0,0.75,7060.0,10500.0,13990.0,16950.0,21660.0,24620.0,28850.0,35470.0,5.0,7.1,0.349,63.1,58.4,3.0,1.7,33.8,3.1,0
690290202,26.9,54.4,6840.0,11970.0,17930.0,0.93,2270.0,5770.0,7550.0,9470.0,14280.0,16750.0,19350.0,24680.0,10.9,10.5,0.369,66.1,59.7,5.4,1.0,32.3,1.6,0
690290203,,,6670.0,11990.0,17850.0,0.93,2970.0,5670.0,7380.0,9460.0,13950.0,16740.0,20120.0,25290.0,8.5,9.9,0.378,74.2,65.9,7.0,1.3,24.6,1.2,0
690290204,42.1,42.5,8370.0,15790.0,23880.0,0.98,3860.0,7110.0,9580.0,12320.0,19250.0,22200.0,25940.0,32280.0,8.4,10.1,0.377,75.7,69.7,3.8,2.2,22.6,1.7,0
690290205,48.5,32.6,10410.0,18440.0,26540.0,0.87,4680.0,8920.0,12140.0,15250.0,21500.0,24670.0,28580.0,36850.0,7.9,9.2,0.366,75.5,67.2,4.1,4.2,20.9,3.6,0
690290301,62.9,17.8,16020.0,23830.0,31750.0,0.66,8780.0,14080.0,17920.0,20920.0,26720.0,29650.0,34070.0,41900.0,4.8,5.8,0.306,76.9,71.0,3.0,2.9,20.2,2.9,0
690290401,65.7,11.8,18540.0,26350.0,35320.0,0.64,11600.0,16890.0,20070.0,23410.0,29260.0,32880.0,39070.0,49080.0,4.2,5.7,0.331,69.1,63.6,2.1,3.4,24.2,6.7,0
690290402,58.1,18.1,15730.0,24070.0,34260.0,0.77,8490.0,13830.0,17620.0,20730.0,28070.0,31760.0,37300.0,48180.0,5.7,7.5,0.367,68.5,60.2,2.3,6.0,26.5,5.0,0
690290501,26.2,58.4,6040.0,11420.0,17650.0,1.02,1880.0,4630.0,7140.0,9000.0,13480.0,16210.0,19770.0,25520.0,13.6,14.7,0.417,72.7,63.6,5.7,3.4,26.2,1.1,0
690290502,13.3,73.9,4060.0,8450.0,13320.0,1.1,80.0,2930.0,5000.0,6790.0,10310.0,12230.0,14640.0,18610.0,232.7,29.6,0.418,75.0,64.3,9.5,1.2,24.4,0.6,0
690290601,62.4,18.4,16910.0,26960.0,42140.0,0.94,8470.0,13690.0,18790.0,23070.0,32660.0,39510.0,47160.0,62840.0,7.4,10.1,0.412,65.9,56.5,2.4,7.0,27.2,6.9,0
690290602,56.1,20.0,14680.0,21770.0,29140.0,0.66,8520.0,13010.0,16790.0,19200.0,24820.0,27380.0,31810.0,39430.0,4.6,5.8,0.32,63.5,57.6,2.7,3.2,33.8,2.7,0
690340101,68.3,16.5,17780.0,26300.0,38890.0,0.8,8830.0,14930.0,19820.0,23150.0,30990.0,36160.0,41950.0,54940.0,6.2,8.7,0.383,67.4,61.4,2.6,3.4,25.6,7.0,0
690340102,58.6,21.6,14600.0,23480.0,33360.0,0.8,5920.0,12030.0,16040.0,19590.0,26460.0,30760.0,35890.0,47590.0,8.0,10.0,0.403,73.1,65.8,3.9,3.4,21.0,5.9,0
690340103,69.3,9.4,20150.0,28930.0,40760.0,0.71,13260.0,18300.0,21490.0,24960.0,32620.0,37870.0,44150.0,57020.0,4.3,9.1,0.464,54.8,48.5,2.3,4.0,22.9,22.3,0
690340104,67.7,10.8,19310.0,26760.0,39000.0,0.74,12480.0,17540.0,20620.0,23550.0,30720.0,35540.0,43180.0,56600.0,4.5,5.8,0.335,69.1,62.9,2.6,3.6,25.9,5.0,0
690340105,,,18620.0,25390.0,35400.0,0.66,13310.0,17340.0,19950.0,22130.0,28810.0,32570.0,39330.0,49980.0,3.8,5.3,0.33,67.8,61.8,2.6,3.4,28.0,4.2,0
690340201,62.9,16.0,16750.0,25160.0,36350.0,0.78,8650.0,14590.0,18570.0,21850.0,29000.0,33590.0,39360.0,49930.0,5.8,7.1,0.348,68.4,62.3,2.4,3.7,26.5,5.1,0
690340301,71.3,9.8,20400.0,31230.0,46400.0,0.83,13020.0,18530.0,22030.0,26410.0,35150.0,41890.0,52290.0,72490.0,5.6,8.6,0.422,72.5,61.8,2.2,8.5,18.2,9.3,0
690340302,66.0,,18610.0,27450.0,39010.0,0.74,12510.0,17320.0,20660.0,23260.0,31080.0,36630.0,44950.0,59790.0,4.8,6.7,0.366,61.0,55.3,2.2,3.5,32.3,6.7,0
690340303,74.0,,21200.0,30090.0,43350.0,0.74,14110.0,19490.0,23030.0,26250.0,34070.0,40030.0,47970.0,64150.0,4.5,7.7,0.42,62.9,54.2,1.5,7.2,24.9,12.2,0
690340401,65.7,12.2,18590.0,27160.0,37900.0,0.71,11620.0,16670.0,20530.0,23760.0,30730.0,34780.0,42230.0,53310.0,4.6,6.3,0.339,61.3,56.3,2.0,3.0,33.1,5.6,0
690340402,65.1,14.2,17990.0,25890.0,38270.0,0.78,10430.0,15900.0,19750.0,22780.0,29530.0,34940.0,41640.0,57850.0,5.5,8.1,0.398,66.5,58.0,2.6,5.9,26.1,7.4,0
690340403,67.5,14.1,17980.0,26210.0,35470.0,0.67,11030.0,15760.0,19780.0,23140.0,28960.0,33020.0,38880.0,50430.0,4.6,6.4,0.332,75.5,65.7,3.1,6.7,20.2,4.3,0
690340501,39.1,37.4,9820.0,15970.0,23010.0,0.83,3560.0,7460.0,11310.0,13990.0,18630.0,21520.0,25120.0,30230.0,8.5,8.9,0.343,68.0,62.5,4.2,1.3,30.3,1.7,0
690340502,69.7,,20360.0,27650.0,36740.0,0.59,14210.0,18470.0,21670.0,24230.0,30690.0,34160.0,39710.0,49250.0,3.5,4.8,0.312,55.9,49.4,1.8,4.7,37.9,6.2,0
690340503,80.1,,24200.0,34650.0,50570.0,0.76,16470.0,21950.0,26350.0,30180.0,39920.0,46770.0,53750.0,70090.0,4.3,5.5,0.334,61.9,55.9,2.1,3.9,28.6,9.5,0
690340601,68.4,20.1,15810.0,27250.0,41770.0,0.95,7730.0,12970.0,18170.0,21840.0,32710.0,38230.0,45750.0,62920.0,8.1,11.2,0.425,66.5,57.3,2.3,6.9,24.7,8.8,0
690340602,73.2,9.2,22860.0,37310.0,63020.0,1.08,13650.0,20450.0,25840.0,31280.0,44330.0,55340.0,72360.0,107390.0,7.9,10.9,0.455,72.3,58.8,1.4,12.1,14.3,13.4,0
690340801,48.8,33.7,9540.0,18100.0,27860.0,1.01,3860.0,8080.0,11490.0,14810.0,21490.0,25160.0,31120.0,40100.0,10.4,12.8,0.414,81.7,73.6,4.4,3.7,14.3,4.0,0
690690101,73.4,,21580.0,29410.0,39210.0,0.6,16210.0,20110.0,23140.0,26320.0,32370.0,36210.0,42370.0,51940.0,3.2,4.2,0.279,72.3,66.2,2.4,3.7,23.7,4.0,0
690690102,58.6,16.0,16070.0,23050.0,31110.0,0.65,9570.0,14620.0,17580.0,20370.0,25950.0,29040.0,33310.0,41090.0,4.3,5.1,0.291,63.5,57.8,3.2,2.5,32.4,4.1,0
690690103,,,19540.0,28210.0,39620.0,0.71,12530.0,17580.0,21480.0,25040.0,32190.0,36600.0,42570.0,55530.0,4.4,5.7,0.325,69.5,63.6,2.1,3.8,23.9,6.6,0
690810101,24.4,54.1,7210.0,12040.0,19230.0,1.0,2270.0,6350.0,8080.0,9930.0,14800.0,17770.0,20290.0,24160.0,10.6,9.4,0.358,60.3,54.6,5.3,0.4,38.5,1.2,0
690810102,58.4,18.4,16230.0,26150.0,42380.0,1.0,8960.0,13750.0,18050.0,22130.0,30770.0,37630.0,47470.0,63680.0,7.1,11.9,0.471,62.4,56.9,1.7,3.8,23.9,13.7,0
690810104,64.8,15.5,17270.0,31900.0,54060.0,1.15,8940.0,14950.0,20200.0,25920.0,39580.0,48860.0,60560.0,81110.0,9.1,13.9,0.476,61.3,54.1,1.9,5.3,21.4,17.3,0
690810105,81.1,,29300.0,41120.0,61370.0,0.78,21480.0,26980.0,31570.0,36510.0,46370.0,55850.0,69540.0,92890.0,4.3,6.0,0.36,68.5,58.6,2.3,7.6,20.2,11.3,0
690810201,,,18080.0,27020.0,40630.0,0.83,9710.0,16870.0,19400.0,23480.0,31870.0,37590.0,44850.0,55590.0,5.7,10.5,0.459,66.4,61.7,2.2,2.5,22.9,10.7,0
690810202,64.7,14.0,18500.0,27140.0,42080.0,0.87,10970.0,16400.0,19980.0,23520.0,32180.0,38100.0,46690.0,60340.0,5.5,7.8,0.386,62.7,56.3,1.9,4.5,30.6,6.7,0
690810301,68.5,13.9,19170.0,29110.0,42350.0,0.8,10910.0,16470.0,20650.0,25350.0,33650.0,38750.0,47700.0,61360.0,5.6,8.6,0.397,63.9,57.5,2.3,4.1,25.1,11.0,0
690810302,79.0,,25680.0,38910.0,55710.0,0.77,16800.0,23190.0,28300.0,33160.0,44840.0,51950.0,62410.0,86790.0,5.2,7.7,0.402,45.7,38.9,1.5,5.3,35.7,18.6,0
690890101,81.3,,27250.0,37050.0,51000.0,0.64,19720.0,25170.0,29410.0,32780.0,41890.0,47600.0,56410.0,68470.0,3.5,4.7,0.304,66.6,59.5,2.0,5.1,23.7,9.7,0
690890102,70.4,,20980.0,30530.0,43300.0,0.73,13780.0,18680.0,23240.0,26770.0,34330.0,39840.0,47360.0,63690.0,4.6,6.4,0.36,71.8,60.7,1.8,9.3,21.7,6.5,0
690890201,66.4,10.7,18550.0,25840.0,33400.0,0.57,12500.0,16780.0,20300.0,23220.0,28500.0,31770.0,35360.0,42470.0,3.4,4.5,0.282,71.0,64.5,2.7,3.8,25.5,3.5,0
690890202,,,16240.0,23680.0,34130.0,0.76,9470.0,14420.0,17870.0,20740.0,27160.0,31040.0,38480.0,47600.0,5.0,6.6,0.353,69.8,62.6,2.6,4.6,26.1,4.1,0
690890301,67.3,13.3,17440.0,25600.0,34500.0,0.67,10620.0,15690.0,19210.0,22470.0,28550.0,32750.0,37720.0,48760.0,4.6,5.7,0.319,78.9,72.8,2.9,3.2,17.2,3.9,0
690910101,,,4560.0,9670.0,15770.0,1.16,900.0,3530.0,5310.0,7730.0,11590.0,13730.0,17390.0,20920.0,23.2,16.9,0.405,69.1,,,,30.8,0.1,0
690910102,19.8,65.5,4120.0,8580.0,15700.0,1.35,0.0,3070.0,5160.0,6790.0,11210.0,14210.0,18000.0,23140.0,,36.6,0.459,74.4,65.9,7.3,1.2,24.5,1.1,0
690910103,56.0,15.5,16970.0,22370.0,29350.0,0.55,9840.0,15210.0,18090.0,20560.0,24650.0,27630.0,31690.0,36580.0,3.7,4.5,0.269,70.1,65.1,2.8,2.2,26.3,3.6,0
690910201,31.4,45.4,7460.0,14230.0,21770.0,1.01,1760.0,5820.0,8720.0,11490.0,17110.0,20310.0,23620.0,29220.0,16.6,14.3,0.386,63.5,56.4,5.2,1.9,34.1,2.4,0
690910202,33.3,44.2,7220.0,14760.0,21090.0,0.94,2890.0,5970.0,8620.0,11420.0,17070.0,19720.0,22710.0,27070.0,9.4,11.8,0.372,62.5,56.2,4.5,1.8,34.5,3.0,0
690910203,36.5,43.5,7430.0,14760.0,21760.0,0.97,2830.0,6210.0,8880.0,11800.0,17580.0,20200.0,23530.0,27930.0,9.9,11.6,0.376,73.3,65.2,5.6,2.5,24.3,2.4,0
690910301,41.8,28.8,11640.0,18530.0,25180.0,0.73,4160.0,9840.0,13180.0,16050.0,20840.0,23590.0,27180.0,33260.0,8.0,7.9,0.326,68.4,62.7,3.3,2.4,28.8,2.8,0
691490101,61.5,19.3,15320.0,23590.0,31700.0,0.69,6460.0,13260.0,17280.0,20700.0,25880.0,29410.0,34120.0,43320.0,6.7,7.4,0.328,74.3,68.1,2.7,3.5,23.5,2.2,0
691490102,,,18410.0,24280.0,30880.0,0.51,14120.0,17100.0,20310.0,22340.0,26490.0,29500.0,32660.0,40730.0,2.9,3.6,0.243,68.5,63.1,2.3,3.1,29.2,2.3,0
691490201,52.2,22.1,13550.0,20860.0,29190.0,0.75,6600.0,12320.0,15200.0,18250.0,23510.0,27160.0,32280.0,39620.0,6.0,7.2,0.344,69.7,62.9,3.3,3.5,25.9,4.4,0
691490202,58.7,17.8,16120.0,23620.0,32690.0,0.7,8730.0,13980.0,17880.0,20730.0,26730.0,30760.0,35690.0,44000.0,5.0,6.4,0.323,73.8,67.9,3.1,2.8,21.6,4.6,0
691490301,60.9,14.5,16880.0,22640.0,29860.0,0.57,9800.0,15010.0,18040.0,20270.0,25100.0,28100.0,32560.0,37960.0,3.9,4.5,0.268,66.3,61.5,2.3,2.5,31.8,1.9,0
691490302,64.4,11.1,19520.0,28010.0,36850.0,0.62,12370.0,17590.0,21370.0,24780.0,31140.0,35070.0,40210.0,50190.0,4.1,5.2,0.307,72.5,66.4,2.4,3.7,24.2,3.3,0
691490303,62.3,11.6,18250.0,23470.0,29960.0,0.5,12310.0,16710.0,19500.0,21600.0,25860.0,28360.0,31780.0,37160.0,3.0,3.6,0.237,62.4,59.0,1.9,1.5,35.8,1.8,0
691490401,54.8,22.3,14070.0,21720.0,30560.0,0.76,7070.0,12080.0,15780.0,18770.0,24620.0,27740.0,33000.0,42430.0,6.0,7.1,0.343,72.5,66.6,3.2,2.7,23.8,3.7,0
691490402,,,4830.0,9670.0,17730.0,1.33,1290.0,3660.0,5860.0,7660.0,11950.0,15510.0,19890.0,24870.0,19.3,21.5,0.44,79.7,70.2,7.8,1.7,18.1,2.2,0
691490501,55.2,19.3,15180.0,22530.0,30010.0,0.66,9090.0,13220.0,16860.0,19430.0,24960.0,28000.0,32260.0,38600.0,4.2,5.6,0.302,67.9,62.3,2.8,2.8,29.1,3.0,0
691490502,56.6,22.1,13950.0,21800.0,30120.0,0.74,6860.0,11990.0,15990.0,18920.0,24820.0,28350.0,32800.0,40110.0,5.9,6.9,0.326,79.4,73.3,3.2,2.9,17.5,3.1,0
691520102,43.7,31.4,10060.0,18210.0,23990.0,0.77,4560.0,8430.0,12310.0,15420.0,20440.0,22610.0,25730.0,30480.0,6.7,8.0,0.324,69.0,63.1,3.9,2.0,29.7,1.3,0
691520103,25.2,55.0,5580.0,11410.0,17480.0,1.04,1380.0,4860.0,6980.0,9290.0,14040.0,16220.0,19270.0,25620.0,18.5,13.4,0.403,62.5,,,,36.1,1.4,0
691520104,46.1,32.9,10510.0,18710.0,25660.0,0.81,4120.0,8640.0,12230.0,15820.0,21810.0,23850.0,27920.0,33050.0,8.0,9.1,0.342,78.7,71.9,3.8,3.0,19.4,1.9,0
691520105,64.2,12.5,17900.0,24520.0,32590.0,0.6,11400.0,16360.0,19590.0,22260.0,27460.0,30780.0,34570.0,41690.0,3.7,4.4,0.268,71.8,67.7,2.4,1.7,25.1,3.1,0
691990201,35.7,44.6,7660.0,14700.0,21650.0,0.95,3080.0,6330.0,8960.0,11750.0,17420.0,19950.0,23400.0,28260.0,9.2,10.5,0.367,75.3,67.5,5.4,2.4,23.3,1.4,0
691990202,45.6,28.0,11850.0,18130.0,24860.0,0.72,4800.0,10430.0,13260.0,15950.0,20920.0,23740.0,26720.0,32280.0,6.7,7.2,0.323,68.3,62.8,3.0,2.5,29.6,2.1,0
691990301,24.7,55.6,6690.0,11910.0,18410.0,0.98,1200.0,5350.0,7760.0,9960.0,13970.0,17090.0,19920.0,24290.0,20.2,13.7,0.374,81.5,73.1,6.8,1.6,17.9,0.6,0
691990302,36.4,50.6,6960.0,12750.0,20470.0,1.06,2120.0,5230.0,7780.0,9840.0,15720.0,18710.0,22210.0,27340.0,12.9,13.3,0.393,68.2,61.3,5.5,1.4,29.9,1.9,0
691990303,18.6,61.2,5500.0,10350.0,16060.0,1.02,1440.0,4520.0,6530.0,8520.0,12750.0,14860.0,17690.0,22830.0,15.9,14.6,0.386,60.7,54.2,5.5,1.0,38.7,0.6,1
691990401,,,6800.0,12980.0,18730.0,0.92,3470.0,6080.0,7980.0,10570.0,15220.0,17650.0,20730.0,24820.0,7.2,8.8,0.361,68.6,61.8,5.4,1.4,28.8,2.6,0
691990402,35.5,43.1,8590.0,14840.0,20850.0,0.83,4800.0,7750.0,9690.0,12110.0,17500.0,19540.0,22850.0,27480.0,5.7,6.7,0.329,68.5,60.9,4.7,2.9,30.1,1.4,0
692020101,69.0,,19340.0,27270.0,40150.0,0.76,12950.0,17630.0,21080.0,23920.0,31460.0,36220.0,44950.0,60160.0,4.6,6.0,0.343,71.2,64.1,1.8,5.3,23.0,5.8,0
692020102,75.7,8.7,21830.0,32090.0,48590.0,0.83,14210.0,19920.0,23750.0,27610.0,37350.0,44510.0,53200.0,73410.0,5.2,8.5,0.416,68.6,58.7,2.1,7.8,20.9,10.5,0
692020103,,,18220.0,29090.0,43590.0,0.87,10140.0,16290.0,20560.0,24400.0,33600.0,39260.0,49380.0,67200.0,6.6,11.4,0.471,64.7,57.0,2.1,5.6,21.4,13.9,0
692020201,60.8,13.9,16990.0,23790.0,31490.0,0.61,11240.0,15670.0,18090.0,20780.0,26590.0,29770.0,34250.0,41990.0,3.7,4.9,0.297,58.8,53.9,2.2,2.7,36.9,4.3,0
692020202,74.9,9.0,21400.0,31630.0,46710.0,0.8,13760.0,19090.0,23400.0,27330.0,37030.0,42730.0,51500.0,66340.0,4.8,6.8,0.362,62.3,56.5,1.7,4.1,29.6,8.1,0
692020203,59.5,16.5,15850.0,22260.0,30610.0,0.66,9590.0,14410.0,17670.0,20200.0,25100.0,28560.0,32600.0,42110.0,4.4,5.9,0.334,68.3,58.9,3.0,6.4,28.5,3.2,0
692020301,76.1,,24590.0,34540.0,52100.0,0.8,16560.0,22440.0,26740.0,30880.0,39550.0,47140.0,59400.0,80360.0,4.9,7.2,0.398,57.4,49.9,1.7,5.8,29.1,13.5,0
692020302,68.4,,20630.0,31770.0,50700.0,0.95,13400.0,17860.0,22740.0,26360.0,37920.0,45740.0,54780.0,72550.0,5.4,7.3,0.377,59.1,51.9,1.9,5.3,28.5,12.4,0
692020401,75.9,,23540.0,37080.0,57700.0,0.92,16420.0,21860.0,25970.0,30700.0,43660.0,51770.0,65480.0,88200.0,5.4,7.8,0.408,65.9,56.8,1.7,7.4,21.1,13.0,0
692020402,52.8,25.0,12890.0,19930.0,27720.0,0.74,7430.0,11090.0,14870.0,17420.0,22590.0,26140.0,30700.0,36880.0,5.0,6.5,0.327,70.6,65.2,2.9,2.5,26.4,3.0,0
692040101,76.9,,23630.0,33340.0,46770.0,0.69,16090.0,21540.0,26220.0,29970.0,38740.0,43880.0,50210.0,65310.0,4.1,5.5,0.333,67.6,60.5,1.5,5.6,24.9,7.5,0
692040102,71.2,8.9,21090.0,31440.0,46230.0,0.8,13860.0,19210.0,23410.0,27100.0,36330.0,42400.0,51470.0,68990.0,5.0,6.7,0.363,68.2,61.4,1.8,5.0,22.8,9.0,0
692040103,56.7,21.1,14320.0,22460.0,30140.0,0.7,7450.0,12390.0,16050.0,19060.0,25670.0,28550.0,33180.0,41090.0,5.5,7.0,0.327,72.2,67.0,2.7,2.5,25.1,2.7,0
692040203,,,9020.0,15300.0,23530.0,0.95,3680.0,7390.0,10210.0,13070.0,18620.0,21060.0,26120.0,32530.0,8.8,10.7,0.389,70.0,63.8,4.1,2.1,26.6,3.4,0
692040204,61.5,15.2,16680.0,23760.0,31390.0,0.62,10060.0,14980.0,18160.0,21100.0,26120.0,29470.0,33440.0,40250.0,4.0,5.3,0.292,65.5,61.1,2.1,2.3,31.7,2.8,0
692040205,70.3,10.2,20570.0,29750.0,39550.0,0.64,12720.0,18770.0,22680.0,25810.0,33370.0,37360.0,43820.0,53120.0,4.2,5.1,0.299,66.7,59.9,1.7,5.1,28.4,4.9,0
692040301,63.1,13.3,17820.0,25410.0,35450.0,0.69,10970.0,15600.0,19620.0,22130.0,28620.0,33250.0,38350.0,48870.0,4.5,6.0,0.334,68.7,61.0,2.3,5.4,25.5,5.8,0
692040302,66.6,10.1,19070.0,25960.0,34400.0,0.59,12910.0,17520.0,20280.0,23380.0,29390.0,32650.0,36770.0,44540.0,3.5,4.5,0.288,62.9,56.1,2.2,4.6,32.8,4.3,0
692430101,35.1,35.9,10040.0,16460.0,22190.0,0.74,4450.0,8440.0,11440.0,14140.0,18600.0,21090.0,23660.0,28700.0,6.5,8.0,0.336,67.4,60.7,4.4,2.3,29.8,2.8,0
692430102,,,11910.0,18740.0,25000.0,0.7,5420.0,10320.0,13680.0,16150.0,20830.0,23520.0,26710.0,32360.0,6.0,7.3,0.334,60.3,54.2,2.7,3.4,33.9,5.8,0
692430103,34.3,33.6,9980.0,16640.0,22780.0,0.77,4680.0,8260.0,11350.0,14340.0,18920.0,21230.0,24140.0,29660.0,6.3,7.9,0.339,66.2,59.8,3.7,2.7,31.0,2.8,0
692430104,45.9,25.2,12920.0,19530.0,26820.0,0.71,5690.0,9690.0,14090.0,17120.0,21790.0,24560.0,28950.0,33940.0,6.0,7.2,0.321,62.7,56.5,2.7,3.5,34.6,2.7,0
692440101,76.5,,25810.0,37800.0,56060.0,0.8,17370.0,22690.0,28230.0,32440.0,43530.0,51410.0,61310.0,80720.0,4.6,6.4,0.364,67.7,60.8,2.2,4.7,20.9,11.4,0
692440102,76.7,5.2,24610.0,34670.0,50760.0,0.75,16610.0,21990.0,26510.0,30700.0,39700.0,47100.0,56000.0,74830.0,4.5,6.2,0.36,72.1,63.9,2.1,6.1,18.5,9.4,0
692440201,64.5,15.1,17370.0,25840.0,36430.0,0.74,9570.0,15430.0,19280.0,22580.0,28950.0,33800.0,40260.0,50920.0,5.3,7.4,0.367,70.1,62.7,2.6,4.8,23.2,6.7,0
692440202,,,16680.0,25620.0,36540.0,0.78,9020.0,14540.0,18500.0,22380.0,29550.0,33510.0,40240.0,50460.0,5.6,7.5,0.363,64.3,58.9,2.6,2.8,28.4,7.3,0
692440203,65.8,14.5,17580.0,25150.0,34120.0,0.66,10360.0,15440.0,19250.0,22340.0,28030.0,31660.0,36780.0,46030.0,4.4,5.8,0.318,72.4,66.6,2.6,3.2,23.8,3.8,0
692560201,46.0,29.0,11760.0,18560.0,25050.0,0.72,6090.0,10030.0,13310.0,16060.0,20890.0,23970.0,27350.0,33070.0,5.4,6.5,0.316,73.1,66.5,3.9,2.7,24.4,2.5,0
692560202,37.2,42.4,8440.0,14710.0,21690.0,0.9,3640.0,7170.0,9730.0,12120.0,17100.0,20070.0,23510.0,28860.0,7.9,9.4,0.358,77.9,70.3,5.7,1.9,20.4,1.7,0
692560203,43.0,32.5,11150.0,17560.0,24890.0,0.78,4940.0,9080.0,12320.0,14740.0,19930.0,22880.0,26790.0,34190.0,6.9,8.5,0.344,75.8,68.6,4.2,3.0,21.8,2.4,0
692560301,21.2,62.1,5050.0,10020.0,16800.0,1.17,850.0,4010.0,6090.0,8170.0,12460.0,15120.0,18660.0,23020.0,27.0,18.4,0.416,77.8,67.8,7.8,2.2,21.1,1.1,0
692560302,13.3,71.9,3840.0,8060.0,13860.0,1.24,70.0,2870.0,4910.0,6500.0,10270.0,12710.0,15110.0,19250.0,290.1,25.4,0.432,73.7,63.8,8.6,1.3,26.1,0.2,0
692560401,28.8,46.0,7980.0,13800.0,19770.0,0.85,2400.0,6350.0,9340.0,11730.0,15710.0,18300.0,21190.0,24230.0,10.1,9.3,0.338,65.7,58.7,4.7,2.3,33.4,0.9,0
692560402,21.4,61.0,4320.0,10640.0,16740.0,1.17,360.0,3650.0,5560.0,7910.0,12550.0,15570.0,18570.0,23190.0,65.2,21.6,0.418,67.3,58.6,7.0,1.7,31.8,0.9,0
692560404,,72.2,5070.0,9270.0,13720.0,0.93,290.0,3200.0,5920.0,7340.0,10860.0,12490.0,14660.0,18330.0,62.9,18.7,0.385,70.5,59.5,10.1,0.9,29.2,0.3,0
692560501,45.8,27.4,11790.0,18790.0,25650.0,0.74,5660.0,9680.0,13590.0,16190.0,20980.0,24080.0,27410.0,33390.0,5.9,7.1,0.322,74.0,67.9,3.5,2.6,23.1,2.9,0
692560601,14.6,70.8,4540.0,9140.0,13770.0,1.01,710.0,3680.0,5700.0,7490.0,10720.0,12750.0,15340.0,19850.0,27.9,17.7,0.408,74.8,65.1,7.7,2.0,24.3,0.9,0
692560602,14.9,72.0,3930.0,8320.0,13840.0,1.19,260.0,2850.0,4850.0,6390.0,10210.0,12410.0,14950.0,19790.0,75.1,25.0,0.426,67.0,56.3,9.5,1.2,32.6,0.4,0
692560603,26.4,53.3,6080.0,12120.0,19200.0,1.08,1470.0,5030.0,7230.0,9840.0,14880.0,17850.0,20850.0,25600.0,17.4,15.3,0.399,77.6,70.0,5.5,2.1,21.7,0.7,0
692560701,45.1,39.9,7900.0,16110.0,24040.0,1.0,2870.0,6670.0,9610.0,13050.0,18920.0,22130.0,26090.0,31590.0,11.0,11.7,0.377,81.6,73.7,5.5,2.4,16.8,1.6,0
692560702,36.8,42.2,7720.0,15340.0,22240.0,0.95,2350.0,6310.0,9500.0,12390.0,17830.0,20550.0,24340.0,30190.0,12.8,12.9,0.379,78.2,71.3,5.0,1.9,19.4,2.4,0
692590102,34.6,44.2,7630.0,14750.0,22560.0,1.01,2880.0,6070.0,9010.0,11800.0,17490.0,20810.0,24770.0,29600.0,10.3,12.3,0.383,66.9,60.2,4.8,1.9,30.8,2.3,0
692590103,38.1,40.7,8420.0,15610.0,23420.0,0.96,3200.0,6460.0,9640.0,12670.0,18430.0,21720.0,25380.0,30920.0,9.7,11.7,0.376,71.8,65.4,4.2,2.2,26.5,1.7,0
692590104,41.0,38.5,9320.0,16120.0,23080.0,0.85,3320.0,7660.0,10950.0,13360.0,18560.0,21550.0,24790.0,29910.0,9.0,9.9,0.355,76.2,69.7,4.5,2.0,22.1,1.7,0
692590202,43.6,31.5,11070.0,17870.0,25820.0,0.83,5480.0,9040.0,12780.0,15430.0,20720.0,23860.0,27510.0,32590.0,5.9,7.2,0.33,70.7,65.4,3.3,2.0,26.0,3.3,0
692590203,40.1,41.2,7990.0,15400.0,22720.0,0.96,2570.0,6480.0,9510.0,12630.0,18270.0,21210.0,24560.0,29520.0,11.5,11.8,0.366,71.2,64.2,4.7,2.3,27.5,1.3,0
692590204,25.1,60.0,5620.0,10980.0,17100.0,1.05,1380.0,4190.0,6610.0,8800.0,12950.0,15520.0,18730.0,23810.0,17.2,15.4,0.395,72.5,,,,26.4,1.1,0
692590301,19.1,71.2,4430.0,8520.0,14190.0,1.14,0.0,3230.0,5490.0,7010.0,10670.0,12580.0,15800.0,20070.0,,27.4,0.422,70.2,61.4,8.0,0.8,29.3,0.5,0
692590302,24.4,60.4,6200.0,10710.0,17610.0,1.07,2220.0,4710.0,6950.0,9150.0,12750.0,15500.0,19820.0,24290.0,10.9,12.8,0.391,69.2,60.5,6.3,2.4,29.5,1.3,0
692590303,22.2,64.1,4810.0,9460.0,16310.0,1.21,500.0,3380.0,5760.0,7280.0,12030.0,14720.0,18400.0,23990.0,47.8,24.0,0.447,81.2,,,,18.3,0.5,0
692590401,38.4,40.9,8270.0,15170.0,23140.0,0.98,4120.0,7140.0,10270.0,12650.0,18320.0,21690.0,25730.0,30440.0,7.4,9.1,0.364,66.0,58.6,4.2,3.2,31.1,2.9,0
692590402,12.1,79.8,2840.0,6640.0,11740.0,1.34,0.0,1890.0,3660.0,5340.0,8170.0,10490.0,13010.0,17470.0,,45.6,0.46,77.5,66.5,10.1,0.9,22.2,0.3,0
692590403,29.0,54.7,6040.0,12040.0,18550.0,1.04,1870.0,4960.0,7540.0,10290.0,14110.0,16620.0,20300.0,24040.0,12.9,12.9,0.377,68.4,62.3,5.5,0.6,30.2,1.4,0
692590501,26.0,58.4,5760.0,10530.0,18190.0,1.18,1640.0,4860.0,6430.0,8500.0,13640.0,16350.0,20440.0,25230.0,15.4,14.5,0.41,63.8,57.0,5.2,1.6,35.4,0.8,0
692590502,16.4,69.7,3980.0,8410.0,14610.0,1.26,80.0,2750.0,5140.0,6640.0,10820.0,13090.0,16220.0,20770.0,272.2,33.8,0.442,73.1,64.1,7.8,1.2,25.1,1.8,0
692590601,52.5,27.8,11920.0,19300.0,27400.0,0.8,4670.0,9620.0,13800.0,16810.0,22230.0,25530.0,29600.0,35420.0,7.6,8.8,0.341,72.9,67.0,3.8,2.1,24.5,2.6,0
692590602,47.3,37.2,9220.0,18050.0,26650.0,0.97,3990.0,7590.0,10650.0,14060.0,20910.0,24690.0,29540.0,36210.0,9.1,10.6,0.374,67.6,61.4,4.2,2.0,29.1,3.3,0
692590701,50.9,27.0,12470.0,19620.0,26430.0,0.71,6470.0,11260.0,13710.0,17050.0,21930.0,24990.0,28350.0,33430.0,5.2,6.3,0.308,66.0,60.2,3.5,2.3,31.7,2.3,0
692590702,41.8,36.7,10150.0,15930.0,22750.0,0.79,4950.0,8920.0,11290.0,13750.0,18450.0,21070.0,24410.0,28800.0,5.8,6.7,0.321,72.5,65.7,5.2,1.6,26.2,1.3,0
692590801,51.1,29.7,11680.0,19500.0,27360.0,0.8,6570.0,10170.0,13150.0,16130.0,22240.0,25190.0,28990.0,36640.0,5.6,7.0,0.34,68.8,63.5,3.4,1.9,27.9,3.3,0
692590802,40.6,34.3,9990.0,17640.0,24720.0,0.84,3590.0,8260.0,11360.0,14450.0,20420.0,22880.0,26860.0,32140.0,9.0,10.1,0.359,74.3,68.6,4.0,1.7,23.3,2.4,0
692590803,35.3,47.5,6650.0,13650.0,21350.0,1.08,1350.0,5290.0,7960.0,10670.0,17070.0,19980.0,23230.0,28740.0,21.2,17.1,0.407,70.3,63.8,5.6,0.9,26.4,3.3,0
692640201,,,3750.0,7940.0,12750.0,1.13,550.0,2980.0,4740.0,6600.0,9660.0,11610.0,14280.0,18720.0,33.8,19.7,0.418,65.7,,,,34.0,0.3,0
692640202,24.2,59.3,5150.0,10290.0,17290.0,1.18,1040.0,3640.0,6270.0,8250.0,13190.0,15900.0,18940.0,24370.0,23.5,22.7,0.436,69.3,59.6,7.6,2.1,29.3,1.4,0
692640203,41.9,33.5,10570.0,17460.0,24870.0,0.82,5820.0,9000.0,11970.0,14900.0,19900.0,22910.0,27060.0,33930.0,5.8,7.4,0.346,73.6,66.5,4.1,3.0,23.7,2.7,0
692640301,,,7370.0,14300.0,22810.0,1.08,1660.0,6130.0,8450.0,10950.0,18310.0,20750.0,24990.0,31050.0,18.7,14.7,0.402,76.8,68.4,4.9,3.5,21.5,1.7,0
692640302,30.9,48.8,7180.0,13180.0,20650.0,1.02,3440.0,6260.0,8220.0,10720.0,16320.0,19290.0,22330.0,28010.0,8.2,10.2,0.386,69.1,60.5,6.1,2.5,28.7,2.2,0
692640303,44.8,35.0,9820.0,17290.0,24850.0,0.87,4010.0,8370.0,11630.0,14840.0,20190.0,23310.0,26960.0,33030.0,8.2,9.2,0.352,77.6,71.7,4.0,1.9,20.6,1.8,0
692640401,47.6,26.2,12510.0,19130.0,27150.0,0.77,6380.0,10700.0,14210.0,16870.0,22110.0,25070.0,29590.0,38160.0,6.0,7.5,0.345,67.2,60.4,3.9,2.9,28.6,4.2,0
692640402,52.1,22.8,13620.0,20750.0,28610.0,0.72,7410.0,11950.0,15080.0,17920.0,23180.0,26520.0,30770.0,38170.0,5.2,6.5,0.327,69.0,62.5,3.5,3.0,27.0,4.0,0
692640501,55.1,21.3,14520.0,21520.0,28930.0,0.67,8330.0,12410.0,16050.0,18890.0,24300.0,26950.0,30680.0,37810.0,4.5,6.3,0.326,62.6,56.3,2.8,3.5,33.6,3.8,0
692640502,59.1,12.8,17200.0,23530.0,31090.0,0.59,11140.0,15700.0,18500.0,20990.0,26040.0,29090.0,33260.0,41520.0,3.7,4.7,0.29,58.6,53.5,2.3,2.8,37.0,4.4,0
692640601,,,4280.0,8240.0,13440.0,1.11,90.0,2990.0,5220.0,6820.0,9950.0,11900.0,14770.0,19180.0,212.1,31.5,0.428,65.5,55.4,9.1,1.0,34.3,0.2,0
692660101,57.5,23.8,13420.0,22420.0,32630.0,0.86,6590.0,11570.0,15320.0,18580.0,25810.0,29670.0,35620.0,44350.0,6.7,8.5,0.364,84.0,76.5,4.0,3.5,12.6,3.4,0
692660102,52.0,29.3,11340.0,20500.0,31240.0,0.97,5620.0,9320.0,13360.0,17040.0,24170.0,28290.0,34260.0,42190.0,7.5,9.9,0.374,83.6,75.8,3.6,4.2,13.4,3.0,0
692660103,58.5,23.3,13590.0,22440.0,32080.0,0.82,6230.0,11590.0,15390.0,19060.0,25890.0,29900.0,34420.0,42410.0,6.8,8.0,0.343,81.0,75.1,3.4,2.5,16.7,2.3,0
692660202,59.5,18.6,15530.0,24180.0,34100.0,0.77,8260.0,13350.0,17560.0,20560.0,27780.0,31600.0,36550.0,44660.0,5.4,7.1,0.333,75.1,70.1,2.7,2.3,21.2,3.7,0
692660301,53.5,31.0,10930.0,19590.0,31450.0,1.05,4950.0,8850.0,12550.0,16440.0,24180.0,28950.0,35240.0,45730.0,9.2,11.3,0.396,79.9,74.1,3.1,2.7,17.7,2.4,0
692660302,50.0,32.5,10580.0,19120.0,29910.0,1.01,5770.0,9280.0,12260.0,15560.0,23310.0,27290.0,32860.0,40910.0,7.1,10.8,0.418,75.7,70.1,3.1,2.5,22.2,2.1,0
692660402,45.1,42.5,6860.0,15380.0,24330.0,1.14,2180.0,5760.0,8690.0,12290.0,18500.0,22300.0,26380.0,34460.0,15.8,16.6,0.417,71.8,65.5,4.5,1.8,26.5,1.7,0
692660403,54.6,24.7,13220.0,21870.0,30700.0,0.8,7050.0,10890.0,15090.0,18970.0,25210.0,28790.0,33670.0,42900.0,6.1,7.7,0.339,74.5,69.6,3.0,1.9,23.1,2.4,0
692660501,59.6,18.3,15790.0,26130.0,36140.0,0.78,7930.0,13810.0,18520.0,22320.0,30190.0,34310.0,39450.0,50760.0,6.4,7.7,0.35,63.9,59.3,2.2,2.4,30.4,5.7,0
692660502,49.5,31.6,10790.0,19050.0,28360.0,0.92,5010.0,8980.0,12550.0,15520.0,22650.0,26180.0,31300.0,37920.0,7.6,9.1,0.36,81.0,74.2,3.6,3.2,16.6,2.4,0
692660601,48.8,28.2,11790.0,18760.0,27390.0,0.83,6390.0,9760.0,13330.0,16130.0,21360.0,24760.0,30930.0,37500.0,5.9,7.6,0.348,75.3,68.3,3.9,3.1,22.1,2.6,0
692660701,41.3,37.9,8460.0,16970.0,24880.0,0.97,1800.0,6420.0,10200.0,13630.0,20100.0,22900.0,27010.0,35320.0,19.6,16.6,0.416,68.7,62.1,4.0,2.6,27.3,4.0,0
692660702,48.4,30.6,10960.0,19350.0,27970.0,0.88,3660.0,8630.0,12690.0,16280.0,22160.0,26010.0,30540.0,37290.0,10.2,11.4,0.367,72.5,66.5,3.8,2.2,24.9,2.6,0
692660703,,,9070.0,17280.0,24950.0,0.92,2930.0,7140.0,10940.0,14500.0,19910.0,23020.0,27300.0,33580.0,11.5,14.2,0.419,67.8,60.4,3.7,3.7,27.3,4.9,0
692660801,36.3,44.9,7180.0,14220.0,21430.0,1.0,2280.0,5710.0,8360.0,11180.0,17070.0,19770.0,22980.0,28840.0,12.6,14.1,0.396,80.6,72.4,5.5,2.7,17.3,2.1,0
692660901,44.3,32.9,10460.0,18370.0,26840.0,0.89,4000.0,8550.0,12090.0,15050.0,21190.0,24520.0,29160.0,36840.0,9.2,10.2,0.369,72.4,65.7,4.1,2.6,24.6,3.0,0
692660902,64.8,16.5,16880.0,25580.0,35810.0,0.74,8750.0,14720.0,18610.0,22050.0,29180.0,33240.0,39390.0,48550.0,5.5,6.9,0.334,74.4,68.7,2.7,3.0,21.2,4.4,0
692660903,53.4,27.8,12250.0,20680.0,30630.0,0.89,5600.0,10430.0,13710.0,17370.0,24050.0,28280.0,33520.0,42740.0,7.6,10.0,0.383,73.7,67.0,4.2,2.5,20.6,5.7,0
692661001,54.7,23.2,13760.0,21390.0,29650.0,0.74,6680.0,11840.0,15300.0,18520.0,23830.0,27860.0,32520.0,41830.0,6.3,6.9,0.328,70.3,64.1,3.2,3.0,26.5,3.2,0
692661002,59.4,18.0,15600.0,22590.0,30630.0,0.66,8510.0,14160.0,17120.0,19720.0,25200.0,28490.0,32950.0,41780.0,4.9,5.8,0.307,69.3,63.6,2.6,3.1,27.5,3.2,0
692661101,58.5,23.6,13510.0,22120.0,32100.0,0.84,5910.0,11210.0,15510.0,18930.0,25650.0,29830.0,34710.0,43050.0,7.3,8.7,0.355,73.5,67.8,3.2,2.5,23.8,2.7,0
692661201,61.7,19.7,15480.0,23870.0,33820.0,0.77,7920.0,13170.0,17360.0,20650.0,27350.0,31440.0,36720.0,46070.0,5.8,7.3,0.342,78.4,70.3,3.1,5.0,17.8,3.8,0
692661202,59.5,19.1,15350.0,23350.0,33260.0,0.77,7710.0,13530.0,17330.0,20320.0,26190.0,30080.0,36240.0,43820.0,5.7,7.3,0.341,79.9,73.4,3.9,2.6,17.1,3.0,0
692661203,62.0,16.1,17160.0,24760.0,33970.0,0.68,9020.0,14960.0,18790.0,22070.0,28000.0,31780.0,37370.0,43600.0,4.8,6.1,0.316,70.7,64.8,2.6,3.3,26.0,3.3,0
692661204,37.8,34.6,10230.0,16820.0,24230.0,0.83,4100.0,8600.0,11650.0,14310.0,19300.0,22430.0,26190.0,32640.0,8.0,9.6,0.359,69.8,62.8,5.0,2.0,28.2,2.0,0
692661205,54.2,24.8,13030.0,21520.0,31310.0,0.85,5660.0,10560.0,14690.0,18380.0,25150.0,29220.0,34010.0,41580.0,7.3,9.8,0.379,70.5,64.6,3.3,2.6,22.2,7.3,0
692661301,50.6,29.9,10990.0,20200.0,29590.0,0.92,4790.0,8960.0,13040.0,16950.0,23730.0,27600.0,32180.0,40280.0,8.4,10.3,0.372,78.5,72.6,3.6,2.3,19.4,2.1,0
692661302,55.8,24.2,13330.0,21280.0,30250.0,0.8,6340.0,11080.0,14970.0,18420.0,24620.0,28220.0,32800.0,40540.0,6.4,7.9,0.345,78.1,72.7,3.2,2.2,18.8,3.1,0
692661303,56.4,25.4,12810.0,21300.0,30670.0,0.84,6420.0,10630.0,14880.0,18090.0,24270.0,28310.0,32940.0,40690.0,6.3,8.0,0.348,79.9,73.9,3.3,2.7,17.6,2.5,0
692661401,50.3,32.6,10320.0,18460.0,29320.0,1.03,6540.0,9000.0,12110.0,15730.0,22260.0,26480.0,31650.0,39380.0,6.0,8.5,0.376,66.3,60.4,3.4,2.5,30.3,3.4,0
692661402,49.4,29.7,11290.0,19640.0,27310.0,0.82,4700.0,9270.0,13280.0,16820.0,22310.0,25550.0,29810.0,35500.0,7.6,8.7,0.338,72.3,66.0,3.6,2.7,25.5,2.2,0
692661403,56.5,20.4,14720.0,22030.0,29490.0,0.67,6800.0,12810.0,16480.0,19150.0,24680.0,27170.0,31720.0,36880.0,5.4,6.2,0.297,71.1,65.9,2.9,2.3,26.9,2.0,0
692661404,45.3,34.9,10220.0,17200.0,26040.0,0.92,4600.0,8750.0,11560.0,14620.0,20060.0,24150.0,28430.0,36290.0,7.9,9.4,0.36,74.2,68.1,4.6,1.5,23.7,2.1,0
692661501,51.7,32.1,10440.0,18890.0,27570.0,0.91,4710.0,8770.0,12220.0,15390.0,22310.0,25640.0,30120.0,37180.0,7.9,9.3,0.359,83.9,77.1,4.3,2.5,13.6,2.5,0
692661502,59.9,20.2,15030.0,23140.0,31940.0,0.73,7910.0,12850.0,16850.0,19650.0,26090.0,29570.0,33980.0,41190.0,5.2,6.5,0.323,78.4,72.0,3.4,3.0,19.5,2.1,0
692661503,54.9,22.9,13670.0,21650.0,29770.0,0.74,7820.0,11840.0,15360.0,18340.0,24210.0,27660.0,32620.0,39700.0,5.1,6.4,0.32,81.2,74.5,3.9,2.8,16.6,2.2,0
692661601,49.2,29.9,11340.0,18880.0,27900.0,0.88,4450.0,9740.0,12990.0,15710.0,22290.0,25550.0,30000.0,38790.0,8.7,10.2,0.381,72.8,64.6,3.6,4.6,23.1,4.1,0
692661602,50.7,29.4,11680.0,19400.0,27250.0,0.8,5770.0,9760.0,13160.0,16090.0,22240.0,25600.0,29510.0,37000.0,6.4,8.4,0.363,71.3,64.5,3.8,3.0,24.6,4.1,0
692661701,34.7,50.4,6940.0,12870.0,21290.0,1.11,1750.0,5800.0,8460.0,10420.0,16050.0,19610.0,23610.0,30250.0,17.3,15.6,0.414,82.4,74.0,6.2,2.2,15.2,2.4,0
692661702,54.4,28.5,11530.0,19600.0,27640.0,0.82,5910.0,10170.0,13460.0,16740.0,22580.0,26160.0,29930.0,35970.0,6.1,7.8,0.34,74.9,69.0,3.6,2.3,22.2,2.9,0
692661703,47.0,31.2,10780.0,19320.0,28690.0,0.93,4840.0,9070.0,12470.0,15960.0,22130.0,26020.0,31490.0,39350.0,8.1,10.5,0.387,73.0,66.7,3.4,2.9,22.8,4.2,0
692661704,38.4,39.1,9310.0,15170.0,22450.0,0.87,4330.0,7950.0,10190.0,13160.0,18290.0,20880.0,24300.0,28840.0,6.7,7.9,0.338,74.2,67.1,5.5,1.6,24.7,1.1,0
692661801,44.6,39.6,7750.0,16570.0,25720.0,1.08,2030.0,6500.0,9440.0,13260.0,20730.0,23950.0,27700.0,34080.0,16.8,15.1,0.398,90.0,83.9,4.1,2.0,8.7,1.3,0
692661802,33.7,56.3,7030.0,11830.0,19060.0,1.02,3290.0,6010.0,8030.0,9820.0,14050.0,17580.0,21190.0,27070.0,8.2,10.3,0.387,74.1,65.3,5.3,3.5,23.9,2.0,0
692661803,35.8,47.2,7260.0,13890.0,22230.0,1.08,2500.0,5650.0,8360.0,10570.0,16990.0,20550.0,24210.0,30450.0,12.2,14.3,0.41,75.4,67.3,5.3,2.8,22.4,2.2,0
692661804,34.2,45.6,6360.0,14170.0,22610.0,1.15,1790.0,5380.0,7850.0,10650.0,17350.0,20590.0,24790.0,31760.0,17.8,18.1,0.425,75.4,69.0,3.8,2.6,22.1,2.5,1
692730102,61.3,14.6,16290.0,22900.0,30000.0,0.6,11230.0,14840.0,17740.0,20370.0,25570.0,28440.0,32770.0,38120.0,3.4,4.2,0.264,75.3,70.2,3.1,2.0,21.7,3.0,0
692730103,61.3,14.2,16800.0,23910.0,31780.0,0.63,11080.0,14980.0,18460.0,21210.0,26750.0,30240.0,34010.0,40850.0,3.7,4.7,0.29,70.0,64.2,2.8,3.0,25.8,4.2,0
692730104,,,19940.0,25970.0,32830.0,0.5,14580.0,18670.0,21240.0,23610.0,28730.0,31140.0,35240.0,42070.0,2.9,3.8,0.255,62.9,58.0,2.0,2.9,32.0,5.1,0
692750101,56.1,22.4,13760.0,20820.0,27800.0,0.67,7960.0,12160.0,15350.0,18190.0,23160.0,26040.0,30200.0,37230.0,4.7,6.6,0.331,77.3,70.8,3.5,3.0,19.1,3.6,0
692750102,43.5,33.0,10140.0,17430.0,23970.0,0.79,4660.0,8470.0,12030.0,15080.0,20080.0,22380.0,26040.0,30710.0,6.6,7.8,0.329,67.9,62.8,4.0,1.1,30.2,1.9,0
692750103,54.2,19.7,14290.0,20680.0,26490.0,0.59,8840.0,13040.0,15450.0,18260.0,23020.0,25160.0,28010.0,33350.0,3.8,4.6,0.273,73.5,67.9,3.4,2.2,25.1,1.4,0
692750104,53.1,21.4,14100.0,20990.0,28190.0,0.67,7770.0,12450.0,15760.0,18630.0,23960.0,26660.0,30390.0,37410.0,4.8,6.2,0.315,69.0,61.9,3.1,4.0,27.2,3.8,0
692750105,,,5770.0,11660.0,18420.0,1.08,940.0,4350.0,7090.0,9590.0,13890.0,16890.0,19920.0,25570.0,27.3,20.1,0.408,69.3,61.9,6.3,1.1,29.9,0.8,0
692750106,65.4,12.6,17730.0,25140.0,33660.0,0.63,12010.0,16300.0,19380.0,22550.0,27760.0,30730.0,35510.0,42990.0,3.6,4.6,0.29,71.2,63.5,2.8,4.9,23.8,5.0,0
692750107,59.7,15.9,15910.0,22680.0,29960.0,0.62,9870.0,14320.0,17580.0,20570.0,25310.0,27980.0,32170.0,38400.0,3.9,5.1,0.296,67.1,61.6,2.7,2.8,29.0,3.9,0
692750108,62.8,9.0,18510.0,25170.0,33340.0,0.59,13390.0,17040.0,19680.0,22260.0,27920.0,30950.0,35720.0,43450.0,3.2,4.1,0.27,66.4,61.2,2.2,3.0,29.4,4.2,0
692750110,47.2,29.1,11590.0,18830.0,26780.0,0.81,5760.0,9560.0,13310.0,16130.0,21910.0,24990.0,28730.0,35180.0,6.1,7.9,0.34,71.2,65.2,3.9,2.1,25.6,3.2,0
692770101,,,21050.0,29950.0,38720.0,0.59,13820.0,19200.0,22900.0,26320.0,32510.0,36960.0,42120.0,52760.0,3.8,4.5,0.281,68.6,63.4,2.0,3.2,25.8,5.6,0
692770102,71.0,7.9,21570.0,30730.0,43090.0,0.7,14230.0,19310.0,23020.0,26940.0,34910.0,39420.0,46180.0,57770.0,4.1,5.8,0.345,71.0,65.0,1.7,4.3,19.4,9.6,0
692770103,72.4,6.1,21820.0,30540.0,41920.0,0.66,15400.0,20060.0,23880.0,26800.0,34330.0,38940.0,45110.0,55320.0,3.6,4.4,0.283,75.6,70.6,2.1,2.9,18.2,6.2,0
692770104,,,24160.0,32170.0,42340.0,0.57,18220.0,22450.0,25620.0,29020.0,35520.0,39640.0,46690.0,57650.0,3.2,4.3,0.293,72.8,66.9,1.9,4.0,20.1,7.1,0
692820101,76.2,,24070.0,30940.0,41110.0,0.55,18110.0,22630.0,25510.0,28290.0,34410.0,38590.0,44330.0,54460.0,3.0,3.9,0.268,73.1,67.3,1.7,4.1,22.5,4.4,0
692820102,58.8,19.1,15410.0,24460.0,35800.0,0.83,8660.0,13220.0,17600.0,21020.0,27720.0,32200.0,39370.0,54570.0,6.3,9.1,0.411,62.7,54.7,2.1,5.9,26.8,10.5,0
692820103,56.8,17.0,15630.0,23170.0,31470.0,0.68,8910.0,14140.0,17900.0,20410.0,26580.0,29700.0,32970.0,38710.0,4.3,5.0,0.283,71.8,66.3,3.1,2.4,25.5,2.7,0
692820104,58.6,14.1,16300.0,23580.0,31860.0,0.66,10240.0,15090.0,18020.0,20870.0,26440.0,29490.0,34480.0,42530.0,4.2,5.3,0.309,68.6,64.0,2.6,2.0,27.2,4.2,0
692820201,59.1,,18480.0,24150.0,33430.0,0.62,14250.0,17610.0,19540.0,21820.0,27630.0,31130.0,35690.0,44010.0,3.1,4.0,0.276,64.1,59.0,2.2,2.9,31.6,4.3,0
692820202,69.5,7.7,20510.0,26890.0,35620.0,0.56,14690.0,19060.0,21470.0,24070.0,29740.0,33810.0,37580.0,44680.0,3.0,3.7,0.252,66.5,62.4,1.9,2.2,29.7,3.8,0
692820203,46.5,27.1,12530.0,19030.0,26080.0,0.71,6620.0,11280.0,13650.0,16460.0,21740.0,24580.0,28260.0,33650.0,5.1,6.5,0.323,67.3,62.8,2.7,1.8,29.5,3.2,0
692820301,55.5,22.9,13590.0,20680.0,28010.0,0.7,8000.0,12230.0,15330.0,18110.0,23440.0,26460.0,30280.0,36650.0,4.6,5.8,0.308,79.9,74.1,3.6,2.2,17.9,2.2,0
692820402,57.1,17.3,16010.0,22540.0,30770.0,0.65,8640.0,14260.0,17640.0,19680.0,26030.0,29060.0,33000.0,38630.0,4.5,5.4,0.297,63.6,58.2,2.8,2.6,33.3,3.1,0
692820403,,,9620.0,15660.0,22700.0,0.84,5630.0,8310.0,10730.0,13180.0,18260.0,20790.0,24610.0,30480.0,5.4,6.7,0.336,69.1,62.2,4.8,2.1,28.5,2.4,0
692820501,43.4,34.4,10350.0,17480.0,24810.0,0.83,5770.0,9100.0,11530.0,14600.0,19930.0,23050.0,26930.0,32670.0,5.7,7.0,0.338,79.6,72.7,4.5,2.4,18.2,2.2,0
692820502,66.4,13.8,17590.0,27040.0,36230.0,0.69,10940.0,15850.0,19880.0,23610.0,30570.0,34220.0,39040.0,45990.0,4.2,5.0,0.296,69.7,62.6,2.7,4.4,24.8,5.5,0
692830101,,,16370.0,23510.0,32500.0,0.69,9290.0,14230.0,17770.0,20440.0,26630.0,30460.0,34610.0,42170.0,4.5,5.7,0.311,74.2,67.3,2.7,4.2,20.3,5.5,0
692830102,58.6,19.7,15420.0,22790.0,30670.0,0.67,8760.0,13210.0,17260.0,20230.0,25730.0,29070.0,33190.0,40580.0,4.6,5.7,0.304,76.7,71.4,3.0,2.3,19.8,3.5,0
692830103,66.6,10.8,19350.0,25490.0,32590.0,0.52,12690.0,17320.0,21000.0,23460.0,27880.0,31000.0,34600.0,40350.0,3.2,3.6,0.236,75.7,71.1,2.5,2.1,22.3,2.0,0
692830104,70.1,,21360.0,28380.0,36560.0,0.54,16540.0,19990.0,22940.0,25550.0,31330.0,34860.0,38850.0,46120.0,2.8,3.4,0.241,68.7,64.2,2.0,2.5,27.1,4.2,0
692860101,64.8,14.1,18380.0,26550.0,36590.0,0.69,10410.0,16150.0,20100.0,23100.0,29890.0,33790.0,40530.0,50460.0,4.8,6.0,0.322,78.3,70.6,3.0,4.7,16.7,5.0,0
692860102,74.5,9.0,22240.0,31250.0,45220.0,0.74,13760.0,19950.0,24290.0,27290.0,35580.0,41660.0,50880.0,66130.0,4.8,7.1,0.376,68.1,59.3,2.3,6.5,21.0,10.9,0
692860201,23.3,61.9,5400.0,9620.0,17130.0,1.22,620.0,4340.0,6050.0,7720.0,12440.0,15720.0,18960.0,24480.0,39.4,21.1,0.452,72.3,62.2,5.8,4.3,26.1,1.6,0
692860202,36.6,46.5,7500.0,14160.0,22650.0,1.07,4170.0,6410.0,8490.0,10990.0,17220.0,20560.0,25380.0,32970.0,7.9,12.3,0.44,68.8,61.2,4.1,3.5,26.7,4.5,0
692860301,21.4,64.2,5090.0,9540.0,16360.0,1.18,1430.0,4170.0,6260.0,7710.0,11880.0,14580.0,17900.0,23920.0,16.7,17.3,0.458,71.3,62.5,6.6,2.2,25.5,3.2,0
692860302,34.3,43.2,8460.0,14680.0,21640.0,0.9,3960.0,7230.0,9600.0,12050.0,17730.0,20470.0,23880.0,28620.0,7.2,9.0,0.351,64.6,58.5,4.3,1.8,34.4,1.0,0
692860303,32.5,45.3,7900.0,14420.0,20400.0,0.87,3480.0,6240.0,9320.0,11900.0,16140.0,19070.0,22270.0,26320.0,7.6,9.7,0.35,62.5,,,,36.6,0.9,0
692860304,37.4,48.0,7740.0,13520.0,21500.0,1.02,3150.0,6330.0,8550.0,10510.0,17020.0,19770.0,23700.0,28820.0,9.2,10.3,0.378,67.8,61.5,4.8,1.5,31.1,1.1,0
692860401,30.6,47.3,7830.0,13990.0,20080.0,0.88,3780.0,6850.0,8800.0,11580.0,16580.0,19010.0,21770.0,25650.0,6.8,7.9,0.338,66.6,61.2,4.4,1.0,32.4,1.0,0
692860402,15.7,68.9,5210.0,8760.0,14310.0,1.04,1500.0,4080.0,6060.0,7560.0,11030.0,13120.0,16020.0,20650.0,13.8,14.1,0.395,73.2,65.2,7.5,0.5,26.2,0.6,0
692860501,62.1,14.3,17440.0,25230.0,33280.0,0.63,10020.0,15540.0,19390.0,22190.0,28400.0,31350.0,36490.0,45440.0,4.5,5.9,0.314,70.8,65.7,2.4,2.7,25.5,3.7,0
692860502,53.9,18.9,15050.0,21480.0,28380.0,0.62,8560.0,13250.0,16730.0,19120.0,23590.0,26520.0,30750.0,37830.0,4.4,5.4,0.296,74.6,67.8,2.8,4.0,23.0,2.4,0
692900101,,,8650.0,13860.0,21350.0,0.92,4290.0,7340.0,9360.0,11310.0,17010.0,19930.0,23410.0,27390.0,6.4,7.2,0.337,75.2,68.7,5.2,1.3,23.9,0.9,0
692900102,47.8,24.1,13130.0,18830.0,24920.0,0.63,8600.0,11570.0,14020.0,16370.0,20940.0,23360.0,26860.0,30970.0,3.6,4.4,0.268,76.2,70.9,4.2,1.1,22.4,1.4,0
692900103,46.9,30.3,11070.0,17920.0,24130.0,0.73,5930.0,9890.0,12840.0,15320.0,20340.0,23000.0,25390.0,29550.0,5.0,6.0,0.299,75.6,70.3,3.8,1.5,23.0,1.4,1
692900104,54.0,18.7,15530.0,20740.0,26610.0,0.53,9490.0,13370.0,16840.0,18650.0,23100.0,25340.0,28580.0,34290.0,3.6,4.2,0.26,70.4,65.6,2.8,2.0,27.4,2.2,0
692900105,42.0,35.9,9560.0,16560.0,22980.0,0.81,5270.0,8330.0,11000.0,13970.0,18810.0,21520.0,25110.0,30730.0,5.8,7.9,0.352,72.8,65.3,3.6,3.9,25.4,1.8,0
692900201,65.4,10.6,18290.0,25690.0,34150.0,0.62,12550.0,16870.0,19950.0,22950.0,28510.0,32110.0,37260.0,46040.0,3.7,5.1,0.309,63.9,58.9,2.0,3.0,27.4,8.7,0
692900202,64.7,10.2,19050.0,24950.0,32350.0,0.53,12570.0,17420.0,20520.0,22860.0,27550.0,30750.0,34480.0,40300.0,3.2,4.1,0.261,66.2,60.0,3.1,3.1,30.9,2.9,0
692900301,51.5,27.4,12190.0,19240.0,26420.0,0.74,6030.0,10170.0,13630.0,16700.0,21700.0,24920.0,27980.0,33170.0,5.5,6.4,0.308,83.1,76.8,4.6,1.7,15.4,1.5,0
692900302,37.4,39.5,8330.0,15390.0,22790.0,0.94,2800.0,6750.0,9790.0,13040.0,18020.0,20530.0,24550.0,29500.0,10.5,11.5,0.361,72.8,67.2,4.8,0.8,25.9,1.3,0
692900401,27.8,54.9,6330.0,11560.0,18240.0,1.03,1660.0,5190.0,7030.0,8900.0,14040.0,16840.0,20290.0,24830.0,15.0,12.1,0.385,74.5,,,,25.4,0.1,0
692900402,18.6,65.3,5030.0,9490.0,15690.0,1.12,900.0,4000.0,6270.0,7870.0,11510.0,14460.0,17140.0,21660.0,24.2,17.4,0.401,68.8,59.4,8.4,1.0,30.8,0.4,0
692900403,36.6,40.7,9070.0,15810.0,22770.0,0.87,4730.0,7700.0,10240.0,12850.0,18460.0,20890.0,24380.0,29780.0,6.3,7.4,0.339,59.0,53.3,4.4,1.3,39.5,1.5,0
692900405,42.7,27.3,12230.0,17630.0,23700.0,0.65,6520.0,10160.0,13470.0,15520.0,20070.0,22510.0,25400.0,30220.0,4.6,5.7,0.293,66.6,61.9,3.7,1.0,32.0,1.4,0
692900501,61.8,12.0,18210.0,25030.0,32960.0,0.59,11070.0,16450.0,19700.0,22580.0,27850.0,31710.0,35160.0,43020.0,3.9,4.6,0.279,64.7,59.0,2.7,3.0,31.5,3.8,0
692900502,53.9,25.5,12790.0,20090.0,27360.0,0.73,7130.0,11090.0,14470.0,17630.0,23140.0,25720.0,29620.0,35170.0,4.9,6.1,0.311,72.6,67.4,3.5,1.7,24.9,2.5,0
692900601,64.8,15.2,17000.0,24390.0,32320.0,0.63,10090.0,14890.0,18550.0,21440.0,27340.0,30150.0,34820.0,43780.0,4.3,5.3,0.305,69.5,63.9,2.9,2.7,24.9,5.6,0
692900602,57.1,20.3,15030.0,22410.0,30820.0,0.7,8050.0,12760.0,16320.0,19480.0,25270.0,28570.0,33940.0,42760.0,5.3,6.8,0.337,68.4,61.9,2.7,3.8,26.5,5.1,0
692900701,66.9,12.2,18870.0,25770.0,34920.0,0.62,11120.0,16830.0,20060.0,22900.0,28610.0,32360.0,37860.0,47610.0,4.3,5.4,0.319,85.5,77.7,2.9,4.9,10.1,4.4,1
692900702,70.4,,20370.0,29470.0,42270.0,0.74,14180.0,19040.0,22160.0,25970.0,34210.0,39500.0,45620.0,59880.0,4.2,5.5,0.332,78.8,71.4,1.9,5.5,14.1,7.1,0
693810101,64.9,14.9,18470.0,28560.0,42980.0,0.86,8920.0,15950.0,20730.0,24630.0,32840.0,38950.0,47500.0,63920.0,7.2,8.6,0.38,79.8,68.7,4.0,7.1,13.8,6.4,0
693810201,65.7,16.5,17460.0,27750.0,42350.0,0.9,9130.0,15390.0,19510.0,23180.0,32540.0,37460.0,47150.0,60250.0,6.6,9.5,0.397,74.7,64.1,4.0,6.6,19.4,5.9,0
693810202,59.4,22.7,14000.0,23340.0,35230.0,0.91,6590.0,11210.0,15990.0,19330.0,26930.0,31620.0,39130.0,50530.0,7.7,10.7,0.403,86.4,76.8,4.9,4.7,9.6,4.0,0
693810301,55.6,27.4,11900.0,22390.0,33410.0,0.96,5680.0,10600.0,14290.0,18570.0,26140.0,30500.0,36360.0,45760.0,8.1,9.8,0.382,79.2,69.3,5.4,4.5,16.5,4.3,0
693810302,,,14360.0,23960.0,34320.0,0.83,7370.0,11670.0,16660.0,20550.0,27320.0,32020.0,37360.0,48830.0,6.6,8.7,0.368,84.6,73.3,5.3,6.0,10.0,5.4,0
693810303,57.4,20.9,14730.0,24400.0,37820.0,0.95,7520.0,12720.0,16880.0,20570.0,29210.0,34650.0,41960.0,57370.0,7.6,10.5,0.412,77.8,66.5,4.7,6.6,15.5,6.7,0
693810304,54.5,25.3,12890.0,21440.0,33190.0,0.95,5990.0,11170.0,14380.0,18060.0,25170.0,29840.0,36570.0,45960.0,7.7,9.7,0.383,87.4,75.3,6.4,5.7,9.7,2.9,0
693810401,62.5,14.7,17970.0,27370.0,41040.0,0.84,9730.0,15900.0,19680.0,23430.0,32050.0,37970.0,44710.0,58620.0,6.0,8.0,0.379,67.3,59.9,3.3,4.1,23.7,9.0,0
693810402,57.0,19.1,15700.0,26020.0,40780.0,0.96,8250.0,13340.0,17340.0,20770.0,30620.0,36280.0,46610.0,64890.0,7.9,12.9,0.475,68.6,60.3,2.4,5.9,19.7,11.7,0
693810501,66.3,15.4,17710.0,28260.0,42400.0,0.87,9030.0,15310.0,19420.0,23300.0,33160.0,39370.0,46580.0,64640.0,7.2,9.0,0.386,78.9,67.7,4.3,6.9,15.0,6.1,0
693820101,68.3,13.0,19430.0,30900.0,47090.0,0.9,10900.0,17150.0,21990.0,26220.0,36770.0,42540.0,52260.0,68260.0,6.3,8.9,0.406,72.6,62.0,3.1,7.5,17.1,10.3,0
693820102,65.9,15.9,17420.0,28240.0,44120.0,0.95,9780.0,15160.0,19500.0,23900.0,32640.0,39950.0,52420.0,74710.0,7.6,11.8,0.464,69.7,56.4,3.0,10.3,18.8,11.5,0
693820202,73.2,,24120.0,39110.0,60580.0,0.93,14540.0,20650.0,26610.0,31740.0,44060.0,53470.0,70530.0,103290.0,7.1,22.2,0.644,46.8,37.8,1.5,7.5,8.6,44.6,0
693820204,68.7,10.7,22360.0,34840.0,57990.0,1.02,12530.0,19110.0,24280.0,28500.0,42830.0,50870.0,66220.0,94960.0,7.6,13.4,0.506,59.0,47.4,2.1,9.5,16.9,24.1,0
693820301,73.7,8.1,23700.0,36380.0,56860.0,0.91,14460.0,20360.0,26370.0,31980.0,43060.0,52140.0,64170.0,88360.0,6.1,8.6,0.403,71.0,60.6,2.2,8.2,18.3,10.7,0
693820302,70.4,11.8,21070.0,31080.0,47750.0,0.86,11700.0,18710.0,23170.0,27190.0,36620.0,43030.0,52570.0,74650.0,6.4,9.4,0.425,73.8,61.3,1.7,10.8,17.8,8.4,0
693820401,69.4,,21510.0,31880.0,48710.0,0.85,13340.0,19640.0,22930.0,27720.0,38150.0,45010.0,57310.0,78840.0,5.9,45.3,0.805,21.5,17.9,0.6,3.0,6.2,72.3,0
693820402,67.7,13.1,19760.0,29680.0,45170.0,0.86,10340.0,17300.0,21540.0,25820.0,35160.0,41100.0,49920.0,65720.0,6.4,7.9,0.376,70.3,60.1,2.6,7.6,20.7,9.0,0
693820502,64.4,17.6,15970.0,25500.0,36900.0,0.82,8340.0,13770.0,18100.0,21750.0,29070.0,34090.0,40680.0,51420.0,6.2,8.1,0.366,86.8,78.4,2.8,5.6,9.9,3.3,0
693820503,54.4,27.4,12120.0,20990.0,30650.0,0.88,5600.0,9680.0,13910.0,17590.0,24760.0,27850.0,33530.0,42890.0,7.7,10.2,0.387,82.3,73.2,3.8,5.3,13.1,4.6,0
693820504,53.3,25.1,12920.0,21520.0,31610.0,0.87,6350.0,11230.0,14550.0,18220.0,25490.0,29320.0,34470.0,43920.0,6.9,8.4,0.359,68.7,62.1,3.0,3.6,28.4,2.9,0
693830102,74.4,,23260.0,36650.0,52510.0,0.8,12160.0,20120.0,25950.0,31660.0,41580.0,48950.0,58040.0,87300.0,7.2,9.9,0.421,69.9,58.8,2.0,9.1,19.3,10.8,0
693830103,74.2,,22750.0,32740.0,46070.0,0.71,14370.0,20310.0,24580.0,27940.0,36380.0,42190.0,49180.0,60750.0,4.2,6.0,0.334,71.3,64.3,2.1,4.9,22.6,6.1,0
693830104,71.1,12.8,20720.0,32360.0,49220.0,0.88,10160.0,18110.0,23450.0,28000.0,38580.0,45140.0,53600.0,66110.0,6.5,8.2,0.369,70.2,59.8,2.3,8.1,22.6,7.2,0
693830105,70.3,12.6,20470.0,31160.0,45310.0,0.8,10390.0,17760.0,22940.0,26820.0,36790.0,42190.0,49580.0,64120.0,6.2,7.9,0.371,75.8,63.8,3.1,8.9,17.7,6.5,0
693830201,47.2,39.1,8000.0,17580.0,30380.0,1.27,2380.0,6360.0,10260.0,13490.0,22490.0,27210.0,34080.0,45760.0,19.2,19.9,0.451,79.5,68.7,4.6,6.2,17.6,2.9,0
693830202,54.6,24.6,13030.0,22720.0,34040.0,0.92,5280.0,10450.0,15160.0,18810.0,27450.0,31920.0,36970.0,47060.0,8.9,10.7,0.374,84.1,74.8,3.6,5.7,13.5,2.4,0
693830203,68.2,16.5,18660.0,28710.0,41750.0,0.8,9300.0,15540.0,20730.0,24990.0,32750.0,38270.0,45040.0,56240.0,6.0,7.7,0.347,78.5,69.9,3.4,5.2,15.7,5.8,0
693830204,63.7,17.4,16640.0,26400.0,38710.0,0.84,8350.0,14160.0,18600.0,22160.0,30480.0,35620.0,42230.0,52270.0,6.3,7.8,0.359,74.3,67.4,2.5,4.4,21.0,4.7,0
693830205,60.8,24.2,13380.0,24410.0,35390.0,0.9,6460.0,11070.0,16220.0,20220.0,28110.0,32860.0,39320.0,49660.0,7.7,9.9,0.378,78.3,71.6,2.6,4.1,19.3,2.4,0
693830301,55.4,28.2,11480.0,20690.0,31300.0,0.96,5250.0,9190.0,13800.0,17580.0,24270.0,28560.0,33970.0,42650.0,8.1,10.6,0.377,79.3,71.5,3.9,3.9,17.8,2.9,0
693830302,63.9,21.2,14810.0,25680.0,37640.0,0.89,6900.0,12430.0,17260.0,21460.0,29660.0,34630.0,41260.0,50640.0,7.3,9.8,0.387,81.5,74.4,2.8,4.3,13.6,4.9,0
693830401,64.1,16.6,16440.0,24310.0,36050.0,0.81,9930.0,14610.0,18050.0,21220.0,28330.0,33600.0,39270.0,49010.0,4.9,5.8,0.316,75.1,70.0,2.7,2.4,21.3,3.6,0
693830402,62.7,20.3,14980.0,24370.0,34860.0,0.82,7460.0,12890.0,17180.0,20690.0,28080.0,32210.0,39230.0,50140.0,6.7,8.7,0.379,72.3,66.5,2.7,3.1,21.4,6.3,0
693830404,65.0,18.2,16460.0,25850.0,36720.0,0.78,8700.0,14030.0,18690.0,22280.0,29540.0,34010.0,39790.0,48550.0,5.6,7.2,0.336,77.2,71.6,2.5,3.1,19.1,3.7,0
693830405,59.8,21.7,14130.0,23380.0,34810.0,0.88,6720.0,12190.0,16540.0,20060.0,27450.0,32410.0,37330.0,47280.0,7.0,8.6,0.362,82.9,77.1,2.8,3.0,14.8,2.3,0
693830501,64.5,17.8,16300.0,26050.0,37530.0,0.81,7880.0,14140.0,18350.0,22400.0,30070.0,35540.0,40490.0,48860.0,6.2,7.0,0.329,80.1,74.2,3.0,2.9,17.1,2.8,0
693830502,62.9,19.4,15670.0,24800.0,35700.0,0.81,7680.0,13070.0,17530.0,21210.0,28720.0,33430.0,38700.0,47730.0,6.2,7.8,0.348,84.5,78.4,2.8,3.3,13.1,2.4,0
693830601,59.4,24.0,13470.0,22740.0,33810.0,0.89,6010.0,11160.0,15560.0,18850.0,26390.0,31080.0,37210.0,45490.0,7.6,9.4,0.372,83.9,76.3,3.4,4.2,13.2,2.9,0
693830602,50.5,29.9,11250.0,20590.0,32370.0,1.03,4460.0,9060.0,13010.0,16750.0,24920.0,29390.0,35800.0,44320.0,9.9,13.7,0.427,76.5,69.5,3.6,3.4,17.0,6.5,0
693830603,78.2,7.3,23260.0,33860.0,45110.0,0.65,15080.0,20960.0,25530.0,29590.0,37570.0,42410.0,48410.0,63020.0,4.2,5.3,0.312,76.0,68.6,1.9,5.5,18.9,5.1,0
693830604,73.3,14.6,19390.0,29230.0,40780.0,0.73,9860.0,16580.0,21940.0,25570.0,33530.0,38230.0,45000.0,57660.0,5.9,7.2,0.335,76.7,70.2,2.4,4.1,19.9,3.4,0
693830701,61.3,18.5,15640.0,24760.0,35290.0,0.79,7740.0,13820.0,17550.0,21180.0,28780.0,32980.0,38810.0,50240.0,6.5,8.8,0.395,77.2,69.8,3.0,4.4,18.3,4.5,0
693830702,62.4,21.2,14570.0,24580.0,37100.0,0.92,7090.0,12450.0,16410.0,20700.0,28470.0,33600.0,40770.0,51800.0,7.3,9.1,0.379,79.9,72.0,2.6,5.3,15.9,4.2,0
693830703,69.0,10.2,20560.0,30860.0,44890.0,0.79,12790.0,18260.0,22740.0,27100.0,35020.0,41130.0,49650.0,66940.0,5.2,7.5,0.377,72.4,62.8,2.3,7.3,19.0,8.6,0
693830801,65.0,17.9,16690.0,26620.0,39830.0,0.87,6360.0,14210.0,18870.0,22890.0,31420.0,37060.0,44150.0,56070.0,8.8,9.5,0.378,69.6,61.7,2.2,5.7,25.0,5.4,0
693830802,60.0,18.5,15690.0,24860.0,36320.0,0.83,7660.0,13730.0,17630.0,21210.0,28630.0,33260.0,40660.0,52340.0,6.8,8.9,0.376,79.2,70.9,2.9,5.4,16.8,4.0,0
693830804,59.5,21.6,14640.0,26340.0,42610.0,1.06,6000.0,11980.0,17370.0,22200.0,31600.0,38360.0,48770.0,66000.0,11.0,14.9,0.452,70.3,58.8,2.6,8.9,21.1,8.6,0
693830901,62.9,18.4,16290.0,26640.0,39500.0,0.87,8410.0,13660.0,18160.0,22320.0,31150.0,36380.0,44260.0,58980.0,7.0,10.0,0.407,75.2,67.4,2.7,5.1,18.7,6.1,0
693830902,71.4,12.4,20930.0,35440.0,54890.0,0.96,10170.0,18430.0,23800.0,30140.0,42150.0,50440.0,59550.0,84440.0,8.3,11.2,0.428,66.5,53.3,1.8,11.4,22.4,11.1,0
693840101,70.6,11.1,20530.0,30480.0,42240.0,0.71,12450.0,18380.0,22210.0,26490.0,34130.0,39010.0,45990.0,60080.0,4.8,7.2,0.368,78.9,67.1,4.7,7.1,13.3,7.8,0
693840102,63.4,18.2,16310.0,27210.0,39540.0,0.85,8990.0,14050.0,18680.0,23600.0,31370.0,36890.0,42750.0,55540.0,6.2,8.3,0.365,75.1,65.8,3.4,5.9,19.6,5.3,0
693840103,65.0,11.4,19380.0,28090.0,39640.0,0.72,11840.0,17430.0,21470.0,25080.0,31560.0,36520.0,42660.0,54110.0,4.6,6.2,0.336,81.3,71.6,4.2,5.5,13.9,4.8,0
693840202,64.6,13.7,17970.0,25110.0,35910.0,0.71,11030.0,16120.0,19530.0,22360.0,28970.0,33420.0,39130.0,53740.0,4.9,6.6,0.361,79.4,70.3,4.2,4.9,13.6,7.0,0
693840203,64.5,12.1,18730.0,27370.0,40170.0,0.78,11740.0,16910.0,20260.0,23990.0,31510.0,36410.0,44580.0,56780.0,4.8,7.0,0.37,78.5,69.0,3.9,5.6,14.6,6.9,0
693840204,62.0,16.2,16490.0,25460.0,37170.0,0.81,9320.0,14520.0,18270.0,22030.0,29080.0,33560.0,40330.0,51300.0,5.5,8.1,0.385,73.8,64.8,3.7,5.3,20.4,5.8,0
693840301,66.3,16.2,17640.0,28010.0,42930.0,0.9,8880.0,15210.0,19840.0,23850.0,32320.0,38550.0,47700.0,63030.0,7.1,9.0,0.387,70.6,63.5,2.4,4.7,24.3,5.1,0
693840302,64.7,13.6,17890.0,26680.0,40210.0,0.84,10380.0,16290.0,19690.0,23150.0,30870.0,36830.0,44160.0,55210.0,5.3,7.0,0.353,72.5,63.7,3.3,5.5,20.8,6.7,0
693840303,66.4,13.1,17800.0,26430.0,38680.0,0.79,10580.0,15760.0,19600.0,23060.0,30820.0,35570.0,41900.0,54470.0,5.1,6.8,0.357,77.1,66.3,3.6,7.2,18.8,4.1,0
693840401,,,19610.0,28550.0,39210.0,0.69,10720.0,17180.0,21330.0,25460.0,32660.0,36810.0,42190.0,57090.0,5.3,6.3,0.335,65.1,57.4,2.7,5.0,29.4,5.5,0
693840402,55.5,25.0,12950.0,23180.0,42650.0,1.28,6140.0,10920.0,15580.0,18990.0,28980.0,37480.0,48010.0,70190.0,11.4,16.3,0.483,49.8,43.6,1.8,4.4,38.7,11.5,0
693840403,66.4,12.8,18340.0,27920.0,39860.0,0.77,10720.0,16050.0,20780.0,24150.0,32420.0,37410.0,43120.0,58660.0,5.5,6.8,0.347,68.6,60.1,3.0,5.5,26.1,5.3,0
693840501,67.7,16.9,17360.0,28330.0,43730.0,0.93,8750.0,14580.0,19640.0,23830.0,33330.0,39440.0,50620.0,77580.0,8.9,12.4,0.463,65.0,55.5,2.3,7.2,23.2,11.8,0
693840502,69.6,12.9,20410.0,31450.0,45720.0,0.8,10840.0,17800.0,22650.0,27980.0,36270.0,42060.0,49610.0,64490.0,6.0,8.0,0.37,66.4,56.4,2.6,7.4,26.2,7.4,0
693850101,60.2,20.8,15280.0,25710.0,38560.0,0.91,6050.0,12760.0,17470.0,21720.0,30310.0,35410.0,43510.0,54500.0,9.0,12.3,0.421,80.0,67.7,4.9,7.4,13.8,6.2,0
693850102,60.9,19.5,15540.0,26000.0,42720.0,1.04,7060.0,13520.0,17590.0,21990.0,31390.0,38580.0,47860.0,64600.0,9.2,12.5,0.436,77.3,66.3,3.8,7.2,14.3,8.4,0
693850103,60.2,19.0,15590.0,25140.0,38540.0,0.91,7810.0,13720.0,17020.0,20620.0,28570.0,35340.0,43660.0,60240.0,7.7,11.0,0.428,71.8,60.9,3.6,7.3,17.6,10.6,0
693850104,66.8,17.7,17460.0,28790.0,44990.0,0.96,8250.0,13800.0,19660.0,23960.0,34430.0,40510.0,50440.0,64240.0,7.8,10.0,0.397,74.3,62.5,3.0,8.8,19.2,6.5,0
693850202,56.3,28.0,12040.0,24490.0,37790.0,1.05,5520.0,10220.0,14450.0,19020.0,29270.0,34450.0,43490.0,58400.0,10.6,13.5,0.438,70.4,64.6,2.8,3.0,21.6,8.0,0
693850203,54.6,22.8,14230.0,22090.0,33200.0,0.86,7190.0,11830.0,15960.0,19270.0,25900.0,30020.0,36480.0,50960.0,7.1,10.1,0.41,72.6,64.9,3.4,4.3,20.7,6.7,0
693850204,69.6,13.2,19160.0,30780.0,45740.0,0.86,11160.0,17130.0,21900.0,26740.0,36130.0,41330.0,50300.0,67720.0,6.1,8.5,0.389,65.4,56.1,2.5,6.8,26.3,8.3,0
693850301,41.0,36.1,9500.0,16530.0,23380.0,0.84,4010.0,8100.0,11010.0,14090.0,18830.0,21820.0,24850.0,31120.0,7.8,9.4,0.36,61.9,55.0,4.3,2.6,36.9,1.2,0
693850302,,,11300.0,20850.0,31100.0,0.95,5210.0,9830.0,13560.0,17420.0,24540.0,28700.0,34020.0,46170.0,8.9,11.6,0.404,65.6,59.7,3.1,2.8,30.8,3.6,0
693850403,64.1,12.3,18640.0,26890.0,37230.0,0.69,11640.0,16870.0,20390.0,23890.0,30360.0,34830.0,41650.0,51130.0,4.4,5.4,0.313,65.4,59.1,2.4,3.9,30.6,4.0,0
693850404,65.5,16.0,16790.0,24140.0,34190.0,0.72,9600.0,14740.0,18060.0,21200.0,27800.0,32170.0,37240.0,46750.0,4.9,5.9,0.321,66.1,60.9,2.4,2.8,29.5,4.4,0
693850501,65.1,16.0,16480.0,24710.0,33200.0,0.68,9500.0,14810.0,18610.0,21500.0,27560.0,31230.0,35820.0,44670.0,4.7,5.8,0.317,69.1,63.1,3.0,3.0,27.0,3.9,0
693850502,64.6,17.5,16510.0,26420.0,40020.0,0.89,8690.0,14380.0,18880.0,22470.0,31470.0,36450.0,43880.0,56270.0,6.5,8.3,0.37,63.7,56.7,2.6,4.4,31.1,5.2,0
693850503,54.9,29.2,11350.0,21700.0,32370.0,0.97,4970.0,9370.0,13340.0,17520.0,25000.0,29030.0,35930.0,49670.0,10.0,19.5,0.524,70.4,51.3,2.9,16.2,21.4,8.2,0
693850504,66.8,13.2,18600.0,28050.0,41720.0,0.82,10960.0,16570.0,20240.0,24200.0,32790.0,37820.0,45730.0,60800.0,5.5,8.1,0.391,67.1,61.5,2.5,3.1,24.3,8.6,0
693850601,59.6,16.7,15980.0,23910.0,32850.0,0.71,9590.0,14130.0,17770.0,20870.0,27330.0,30650.0,35470.0,44260.0,4.6,6.2,0.335,65.8,59.2,2.4,4.2,29.7,4.5,0
693850602,66.7,13.6,19050.0,28270.0,41130.0,0.78,10370.0,16760.0,20710.0,24410.0,32730.0,37920.0,45060.0,56220.0,5.4,6.9,0.353,57.6,50.9,2.2,4.5,37.8,4.6,0
693850603,75.2,,21690.0,29190.0,38480.0,0.58,15820.0,20250.0,23160.0,26290.0,32990.0,36450.0,41230.0,51440.0,3.3,3.9,0.263,60.5,54.2,2.1,4.2,35.5,4.0,0
693860103,79.3,,28360.0,44930.0,70160.0,0.93,17380.0,24770.0,31440.0,38690.0,53100.0,62910.0,79060.0,108190.0,6.2,12.7,0.517,57.5,49.6,1.1,6.8,18.0,24.5,0
693860104,76.6,7.6,24110.0,39270.0,59300.0,0.9,14480.0,21430.0,27920.0,33320.0,45820.0,54020.0,65680.0,91200.0,6.3,10.4,0.454,58.1,46.4,1.9,9.8,21.6,20.3,0
693860201,80.0,,27100.0,40570.0,60530.0,0.82,17270.0,23970.0,29120.0,35660.0,47680.0,55240.0,68480.0,100840.0,5.8,8.4,0.413,66.0,57.4,1.6,7.0,21.0,13.0,0
693860202,78.4,6.6,26740.0,40810.0,60080.0,0.82,15960.0,24190.0,29260.0,35980.0,46400.0,53600.0,67370.0,91890.0,5.8,8.6,0.414,62.2,53.0,1.2,8.0,23.9,13.9,0
693860301,76.3,7.9,24770.0,40040.0,60340.0,0.89,14700.0,21290.0,27510.0,34270.0,46900.0,55380.0,69380.0,100100.0,6.8,10.8,0.452,67.1,54.4,2.0,10.7,16.6,16.3,0
693860302,70.8,10.2,21140.0,33780.0,51460.0,0.9,12770.0,19220.0,22890.0,28400.0,39090.0,46020.0,57290.0,75130.0,5.9,8.2,0.398,74.0,60.1,2.3,11.6,17.7,8.3,0
693860303,70.1,12.6,20410.0,31540.0,48030.0,0.88,11230.0,18020.0,22620.0,27340.0,37460.0,44000.0,53380.0,72320.0,6.4,8.6,0.388,73.5,64.3,2.4,6.8,17.0,9.5,0
693860304,71.6,10.6,21490.0,32940.0,50980.0,0.9,12730.0,19120.0,23480.0,27620.0,38810.0,46550.0,57370.0,73500.0,5.8,8.6,0.407,77.0,62.2,2.5,12.3,16.8,6.2,0
693860401,75.5,9.1,22850.0,34590.0,51650.0,0.83,13860.0,20340.0,24940.0,29560.0,40800.0,47350.0,57970.0,82860.0,6.0,8.6,0.415,71.0,61.9,2.3,6.8,14.9,14.1,0
693860402,77.4,,25220.0,37320.0,54440.0,0.78,17080.0,22400.0,27790.0,32930.0,43060.0,50630.0,62540.0,85470.0,5.0,7.0,0.377,75.4,64.6,1.9,8.9,16.7,7.9,0
693860403,76.9,,26080.0,37340.0,57040.0,0.83,17460.0,23830.0,28390.0,32340.0,42440.0,51300.0,63820.0,83350.0,4.8,6.6,0.373,63.2,55.3,1.7,6.2,22.5,14.3,0
693860501,60.0,24.0,14020.0,25700.0,40980.0,1.05,5500.0,10870.0,16230.0,20950.0,30630.0,37290.0,45480.0,60020.0,10.9,32.8,0.652,52.7,46.9,1.5,4.3,13.3,34.0,0
693860502,68.8,15.7,18020.0,30220.0,45460.0,0.91,9920.0,15590.0,20690.0,25230.0,36070.0,41450.0,48960.0,64440.0,6.5,8.3,0.37,63.9,57.4,1.7,4.8,29.5,6.6,0
693860503,63.4,18.8,16760.0,28600.0,44370.0,0.97,7290.0,13470.0,19010.0,23810.0,34350.0,40820.0,48020.0,61850.0,8.5,10.4,0.389,67.2,61.5,2.3,3.4,25.2,7.6,0
693860601,68.5,15.6,17670.0,28850.0,46310.0,0.99,8800.0,15100.0,20010.0,24040.0,34810.0,41270.0,50730.0,67690.0,7.7,10.5,0.418,72.8,64.0,2.8,6.0,20.4,6.8,0
693860602,68.4,12.8,18420.0,29430.0,43370.0,0.85,10830.0,16550.0,20680.0,25160.0,34230.0,39530.0,47780.0,60120.0,5.6,6.8,0.347,80.9,73.6,3.5,3.8,13.7,5.4,0
693860603,59.6,19.0,15670.0,26100.0,39670.0,0.92,8450.0,13400.0,17860.0,21720.0,31470.0,37420.0,44170.0,60550.0,7.2,8.9,0.38,78.9,70.0,2.8,6.1,15.6,5.5,0
693860701,67.4,13.9,18120.0,28520.0,40900.0,0.8,9010.0,16110.0,20320.0,24810.0,32440.0,37470.0,44360.0,54960.0,6.1,7.1,0.342,75.0,67.3,2.8,4.9,21.2,3.8,0
693860702,59.7,21.5,14500.0,24390.0,37200.0,0.93,7110.0,12140.0,16430.0,20430.0,28620.0,34320.0,41270.0,53060.0,7.5,9.4,0.384,81.7,74.5,3.2,4.0,15.7,2.6,0
693870101,59.0,19.3,15120.0,23670.0,34850.0,0.83,7230.0,13190.0,16890.0,20010.0,28020.0,32660.0,36930.0,48570.0,6.7,8.4,0.366,83.2,72.5,4.8,5.9,12.4,4.4,0
693870102,62.9,14.5,17740.0,27150.0,39510.0,0.8,9400.0,15670.0,19360.0,23480.0,31710.0,36600.0,42470.0,56520.0,6.0,7.9,0.374,77.2,66.8,3.3,7.1,15.3,7.5,0
693870103,60.2,19.0,16050.0,25730.0,36280.0,0.79,7690.0,13640.0,17740.0,21540.0,29100.0,33740.0,39010.0,47330.0,6.2,8.0,0.348,75.4,66.5,3.2,5.7,20.2,4.4,0
693870201,49.2,33.2,10300.0,19510.0,28850.0,0.95,3800.0,8400.0,11720.0,15580.0,22940.0,26530.0,31840.0,40010.0,10.5,12.7,0.402,87.8,77.4,5.2,5.2,10.0,2.2,0
693870202,60.1,19.5,15440.0,24850.0,35750.0,0.82,7420.0,13080.0,17770.0,21250.0,28790.0,33320.0,38600.0,47740.0,6.4,8.0,0.352,80.6,72.2,4.1,4.3,14.4,5.0,0
693870203,66.0,13.6,18840.0,28140.0,37490.0,0.66,10610.0,16610.0,21200.0,24780.0,31370.0,35530.0,40540.0,48830.0,4.6,5.7,0.304,79.8,71.1,3.7,5.0,16.4,3.8,0
693870301,70.5,11.6,20240.0,29370.0,42100.0,0.74,11850.0,17840.0,22020.0,25620.0,34180.0,39010.0,46410.0,59160.0,5.0,6.6,0.339,73.9,63.4,3.1,7.4,20.0,6.1,0
693870302,62.6,15.9,17930.0,26760.0,36830.0,0.71,8540.0,15450.0,20030.0,23030.0,30910.0,34550.0,39550.0,50730.0,5.9,7.5,0.356,73.7,64.1,2.9,6.7,20.6,5.7,0
693870401,59.3,20.8,15050.0,24180.0,33950.0,0.78,7230.0,12490.0,16780.0,20750.0,27240.0,31600.0,36530.0,46910.0,6.5,7.8,0.35,73.0,66.9,3.1,3.0,22.7,4.3,0
693870402,61.9,21.7,14480.0,23540.0,33820.0,0.82,6910.0,12120.0,16660.0,20370.0,27210.0,31430.0,36880.0,45850.0,6.6,7.9,0.344,79.3,73.0,2.9,3.4,17.8,2.9,0
693870403,51.8,25.9,12660.0,20790.0,28660.0,0.77,5450.0,10650.0,14700.0,18030.0,23940.0,27090.0,31170.0,38670.0,7.1,8.5,0.349,78.9,70.6,5.0,3.3,18.6,2.5,0
693870501,64.2,19.3,15730.0,25440.0,36830.0,0.83,7710.0,13190.0,18370.0,21820.0,29330.0,34130.0,39810.0,49260.0,6.4,7.7,0.341,78.9,72.8,3.1,3.0,18.3,2.8,0
693870502,64.5,18.5,16690.0,26470.0,38040.0,0.81,8220.0,13600.0,18600.0,22630.0,30600.0,35280.0,41640.0,52020.0,6.3,7.8,0.346,79.8,71.5,3.1,5.2,16.4,3.8,0
693870503,60.3,19.2,15260.0,23790.0,33880.0,0.78,7670.0,13360.0,17080.0,20510.0,27480.0,31480.0,36530.0,45330.0,5.9,7.0,0.334,80.1,72.8,3.0,4.3,16.5,3.4,0
693870601,61.3,23.2,13890.0,23290.0,33290.0,0.83,6730.0,11370.0,15940.0,19810.0,26860.0,31140.0,35820.0,43600.0,6.5,8.2,0.345,89.1,83.1,3.3,2.7,8.7,2.2,0
693870602,61.3,20.0,15000.0,23130.0,31930.0,0.73,7820.0,12980.0,16480.0,19790.0,26420.0,30180.0,34330.0,42060.0,5.4,6.5,0.319,78.5,72.7,3.1,2.7,18.5,3.0,0
693870603,62.5,21.3,14450.0,23130.0,32080.0,0.76,7890.0,12370.0,16290.0,19580.0,26780.0,30640.0,34170.0,41760.0,5.3,6.7,0.328,74.0,67.7,3.4,2.9,23.9,2.1,0
693870701,,,14880.0,23190.0,32350.0,0.75,7410.0,12390.0,16840.0,19160.0,26420.0,29770.0,35350.0,41680.0,5.6,6.7,0.32,88.4,82.2,3.7,2.5,9.7,1.9,0
693870703,40.1,43.1,8220.0,15170.0,23510.0,1.01,3120.0,7000.0,9370.0,12100.0,18310.0,21760.0,25720.0,33380.0,10.7,12.2,0.396,75.0,68.0,5.0,2.0,23.5,1.5,0
693870704,61.2,19.6,15620.0,23060.0,32080.0,0.71,8190.0,13270.0,17380.0,20160.0,26180.0,29680.0,34450.0,43320.0,5.3,6.7,0.328,80.9,75.8,2.7,2.4,15.7,3.4,0
693870705,64.0,18.1,15210.0,24830.0,34590.0,0.78,7850.0,13620.0,17480.0,21130.0,27570.0,31700.0,37090.0,44170.0,5.6,6.5,0.316,88.8,83.3,3.2,2.3,9.3,1.9,0
693870801,48.8,30.0,10830.0,19180.0,28530.0,0.92,5690.0,8840.0,12990.0,16240.0,22300.0,26280.0,30150.0,37810.0,6.6,8.7,0.355,82.5,76.2,3.5,2.8,15.4,2.1,0
693870802,51.1,33.2,10520.0,18150.0,27500.0,0.94,4780.0,8590.0,11890.0,15610.0,21880.0,25520.0,29460.0,36450.0,7.6,9.4,0.367,82.3,76.3,4.4,1.6,16.6,1.1,0
693880101,67.7,10.9,19860.0,28240.0,39970.0,0.71,12330.0,17840.0,21500.0,24690.0,31760.0,37080.0,42800.0,52690.0,4.3,5.6,0.319,74.4,66.4,2.4,5.6,21.1,4.5,0
693880102,61.2,21.2,15250.0,26380.0,36540.0,0.81,6000.0,12400.0,17630.0,22120.0,29730.0,33660.0,39430.0,48780.0,8.1,9.5,0.354,77.1,70.4,2.3,4.4,19.5,3.4,0
693880104,69.4,13.0,18740.0,26150.0,37490.0,0.72,10200.0,16530.0,20280.0,23190.0,29790.0,34800.0,40570.0,49910.0,4.9,6.1,0.322,75.1,68.5,2.9,3.7,20.9,4.0,0
693880105,57.5,28.0,11580.0,22150.0,32990.0,0.97,5910.0,9750.0,13890.0,18280.0,26210.0,30340.0,36500.0,45580.0,7.7,9.8,0.381,91.0,83.8,3.4,3.8,7.2,1.8,0
693880202,66.8,16.9,16870.0,26690.0,37680.0,0.78,8990.0,14800.0,19220.0,22940.0,30670.0,35160.0,40650.0,51740.0,5.8,8.1,0.37,74.6,67.7,2.0,4.9,18.6,6.8,0
693880203,,,21200.0,31670.0,42970.0,0.69,12340.0,18150.0,23430.0,27580.0,36550.0,40600.0,47740.0,57300.0,4.6,6.6,0.344,75.2,66.3,2.8,6.1,18.1,6.7,0
693880204,70.3,12.4,19350.0,28580.0,40050.0,0.72,11630.0,17100.0,21290.0,25310.0,32360.0,37560.0,44610.0,59690.0,5.1,6.6,0.339,79.1,69.4,2.5,7.2,16.8,4.1,0
693880301,64.7,13.6,18110.0,24730.0,33250.0,0.61,11430.0,15860.0,19560.0,22020.0,28040.0,31190.0,35420.0,44010.0,3.9,5.1,0.297,76.8,70.8,2.6,3.4,20.2,3.0,0
693880302,35.3,43.9,7980.0,14600.0,23050.0,1.03,2400.0,6550.0,9710.0,11920.0,17680.0,21080.0,25210.0,33470.0,14.0,15.7,0.423,72.7,64.9,5.1,2.7,24.4,2.9,0
693880303,49.4,30.6,10810.0,19730.0,30250.0,0.99,4330.0,8400.0,12790.0,16730.0,23150.0,27790.0,32790.0,43060.0,9.9,12.4,0.397,79.2,71.2,3.6,4.4,18.7,2.1,0
693880401,,,5100.0,9590.0,15910.0,1.13,1130.0,4280.0,6260.0,7960.0,11610.0,14450.0,17930.0,23520.0,20.7,17.4,0.426,73.6,64.4,6.4,2.8,25.5,0.9,0
693880402,31.8,52.8,7000.0,12170.0,19830.0,1.06,2360.0,5320.0,8610.0,10100.0,14650.0,17490.0,22160.0,29400.0,12.5,13.6,0.398,83.0,76.3,5.3,1.4,15.5,1.5,0
693880403,57.4,21.9,14320.0,21960.0,30500.0,0.74,7780.0,12260.0,16040.0,18890.0,24790.0,28600.0,33390.0,42640.0,5.5,6.7,0.327,68.6,64.3,2.3,2.0,27.8,3.6,0
693880404,56.6,26.1,12370.0,21240.0,30070.0,0.83,5570.0,10710.0,14430.0,18000.0,24490.0,28000.0,32180.0,39070.0,7.0,8.1,0.343,82.0,76.0,3.5,2.5,15.9,2.1,0
693880501,54.0,24.8,13120.0,20820.0,28280.0,0.73,7020.0,11770.0,14680.0,17570.0,22820.0,26400.0,31000.0,38490.0,5.5,7.1,0.347,70.0,63.9,3.3,2.8,26.7,3.3,0
693880502,59.3,21.9,14150.0,22600.0,32280.0,0.8,7890.0,11960.0,16090.0,19580.0,25740.0,29640.0,34850.0,43510.0,5.5,7.3,0.338,61.9,56.9,2.5,2.5,34.1,4.0,0
693880503,61.8,13.8,17010.0,23370.0,30900.0,0.59,11290.0,15020.0,18160.0,20540.0,26020.0,29140.0,33530.0,41510.0,3.7,4.8,0.288,64.5,59.0,3.2,2.3,32.3,3.2,0
693880601,23.9,61.2,5620.0,10090.0,16570.0,1.09,1300.0,4570.0,6480.0,8150.0,12700.0,15440.0,17920.0,23320.0,17.9,15.3,0.409,70.2,63.6,5.6,1.0,28.3,1.5,0
693880602,30.0,51.1,7140.0,12620.0,19450.0,0.98,2240.0,5780.0,8110.0,10520.0,15410.0,18060.0,21420.0,26420.0,11.8,12.0,0.379,63.5,58.1,4.7,0.7,34.8,1.7,0
693880603,20.4,61.4,5070.0,10280.0,16670.0,1.13,570.0,3730.0,6030.0,8130.0,12530.0,15310.0,17880.0,21640.0,38.3,20.6,0.4,63.8,55.8,7.0,1.0,35.8,0.4,0
693880701,55.0,23.4,14070.0,23120.0,34320.0,0.88,6220.0,11250.0,16040.0,19380.0,27100.0,31760.0,37020.0,46260.0,7.4,9.6,0.367,73.5,67.0,2.7,3.8,23.2,3.3,0
693880702,30.9,45.5,8180.0,13970.0,20910.0,0.91,1990.0,6360.0,9550.0,11800.0,16680.0,19290.0,22910.0,28920.0,14.6,13.0,0.377,62.9,57.7,4.5,0.7,36.1,1.0,0
693880801,36.5,49.7,6780.0,13060.0,21260.0,1.11,1900.0,5480.0,7870.0,10210.0,15900.0,19320.0,23220.0,28950.0,15.3,14.3,0.404,67.0,60.5,4.9,1.6,31.2,1.8,0
693880802,32.1,48.3,7140.0,13340.0,20910.0,1.03,1480.0,5690.0,8530.0,10830.0,15950.0,18900.0,23120.0,30090.0,20.4,15.9,0.413,71.5,64.7,5.2,1.6,26.3,2.2,0
693880901,54.3,25.3,12920.0,20890.0,31140.0,0.87,6600.0,11070.0,14760.0,17810.0,24560.0,28760.0,33860.0,41560.0,6.3,7.7,0.346,82.3,75.1,3.7,3.5,15.8,1.9,0
693880902,45.0,33.0,10220.0,17660.0,26050.0,0.9,3600.0,8460.0,11470.0,15040.0,20970.0,24120.0,28750.0,35320.0,9.8,10.0,0.356,75.8,69.1,4.1,2.6,22.6,1.6,0
693880903,37.7,46.7,7760.0,13840.0,22810.0,1.09,2880.0,6660.0,8670.0,11160.0,17260.0,20730.0,25220.0,30390.0,10.6,11.3,0.386,76.1,69.7,4.9,1.5,22.7,1.2,0
693890101,,,7740.0,15850.0,28100.0,1.28,2550.0,6010.0,9400.0,11990.0,20240.0,24420.0,31430.0,43210.0,16.9,17.4,0.463,73.3,66.0,3.4,3.9,23.2,3.5,1
693890102,72.1,,21700.0,29650.0,39410.0,0.6,14900.0,19740.0,23540.0,26220.0,33250.0,37180.0,42120.0,52090.0,3.5,4.4,0.279,65.5,59.2,2.2,4.1,30.0,4.5,0
693890103,67.8,14.7,17920.0,26310.0,37980.0,0.76,10060.0,16070.0,19790.0,22810.0,30510.0,35160.0,41740.0,52370.0,5.2,6.7,0.339,70.2,62.4,2.7,5.1,25.8,4.0,0
693890104,47.3,34.6,9990.0,17970.0,25480.0,0.86,4720.0,8070.0,11300.0,14710.0,20780.0,23620.0,27560.0,33140.0,7.0,8.9,0.362,68.6,62.8,3.5,2.3,29.5,1.9,0
693890201,50.1,33.4,9620.0,18930.0,30870.0,1.12,3540.0,7990.0,11790.0,14950.0,23810.0,28240.0,34150.0,44210.0,12.5,16.1,0.446,83.6,74.9,4.0,4.7,11.2,5.2,1
693890203,54.0,26.0,12580.0,20350.0,28960.0,0.8,5010.0,9930.0,14300.0,17410.0,23390.0,27000.0,31320.0,37870.0,7.6,9.5,0.354,77.7,71.0,3.2,3.5,20.2,2.1,0
693890301,55.3,25.5,12820.0,21820.0,32130.0,0.88,6400.0,11000.0,14860.0,18530.0,25360.0,30130.0,34950.0,43200.0,6.7,8.9,0.365,87.3,78.9,4.2,4.2,10.8,1.9,0
693890302,47.0,37.5,8590.0,17250.0,26410.0,1.03,3660.0,7190.0,10060.0,13600.0,20770.0,24010.0,28950.0,36420.0,10.0,11.7,0.388,86.1,79.3,4.2,2.6,11.6,2.3,0
693890303,58.6,22.3,14240.0,23500.0,32890.0,0.79,7600.0,12100.0,16230.0,19830.0,26510.0,30610.0,36600.0,44240.0,5.8,7.4,0.339,85.2,77.8,4.3,3.1,11.5,3.3,0
693890401,56.0,26.7,12420.0,21540.0,30680.0,0.85,6050.0,10630.0,14170.0,17740.0,24800.0,28750.0,33820.0,42330.0,7.0,8.7,0.36,80.9,74.0,4.0,2.9,16.7,2.4,0
693890402,64.3,15.5,17890.0,26560.0,38510.0,0.78,8950.0,15440.0,19720.0,23110.0,30540.0,35500.0,41440.0,51940.0,5.8,7.5,0.357,74.7,65.0,3.9,5.8,18.8,6.5,0
693890403,50.3,34.8,9490.0,18500.0,28790.0,1.04,3570.0,7840.0,11730.0,14860.0,22080.0,26460.0,31100.0,38390.0,10.7,12.5,0.385,79.8,73.6,4.2,2.0,18.2,2.0,0
693890501,42.5,39.2,8640.0,16630.0,24170.0,0.93,4100.0,7480.0,10310.0,13230.0,19100.0,22160.0,27470.0,36960.0,9.0,13.2,0.432,70.0,62.8,3.9,3.3,23.9,6.1,0
693890502,62.4,15.2,17000.0,23960.0,32910.0,0.66,10240.0,15400.0,18470.0,21130.0,27390.0,30850.0,34530.0,42270.0,4.1,4.9,0.282,65.1,59.0,3.0,3.1,32.7,2.2,0
693890604,20.7,61.6,5070.0,9890.0,16810.0,1.19,1220.0,3560.0,5730.0,7420.0,12560.0,15110.0,19410.0,23740.0,19.4,19.5,0.433,69.8,61.5,6.8,1.5,28.3,1.9,0
693890605,21.0,59.9,5830.0,10620.0,16390.0,0.99,2230.0,4840.0,7030.0,8990.0,13100.0,15340.0,18120.0,22320.0,10.0,11.5,0.375,72.5,65.4,6.1,1.0,26.9,0.6,0
693890606,35.3,49.2,7190.0,13440.0,21310.0,1.05,3260.0,6280.0,8100.0,10400.0,16730.0,19570.0,23140.0,28330.0,8.7,10.5,0.384,71.9,65.4,4.5,2.0,27.0,1.1,0
693890607,44.1,33.8,10620.0,16960.0,24620.0,0.83,5580.0,8730.0,11760.0,14750.0,19490.0,22160.0,26260.0,32030.0,5.7,7.8,0.345,83.3,75.5,5.0,2.8,15.5,1.2,0
