code_arrondissement,controle_cle_ok,nom_arrondissement,inscrits_2014,votants_2014,participation_pct_2014,abstention_pct_2014,bloc_gagnant_2014,score_gagnant_pct_2014,inscrits_2020,votants_2020,participation_pct_2020,abstention_pct_2020,bloc_gagnant_2020,score_gagnant_pct_2020,population_2022,nb_menages,taille_moyenne_menage,taux_activite_15_64,taux_emploi_15_64,taux_chomage_15_64,pct_cadres,pct_prof_intermediaires,pct_employes,pct_ouvriers,revenu_median_uc,taux_pauvrete,controle_qualite_pct,controle_dataset_ok,rapport_interdecile_D9_D1,pct_proprietaires,pct_locataires_prives,pct_hlm,pct_diplome_bac_plus_5,pct_sans_diplome,nb_etablissements_actifs,nb_creations_entreprises_2022,taux_creation_entreprises,nb_salaries_secteur_prive,taux_delinquance_pour_1000,nb_cambriolages_2022,nb_vols_sans_violence_2022,nb_coups_blessures_2022,nb_associations_actives,densite_associations_pour_1000_hab,nb_creations_associations_2020_2022,evolution_participation_pts,evolution_inscrits_pct,ratio_salaries_population,indice_precarite,indice_dynamisme_eco,participation_classe_2020,bloc_gagnant_2014_num,bloc_gagnant_2020_num,changement_bloc
69381,1,Lyon 1er,20845,12069,57.9,42.1,gauche,52.3,22134,8990,40.6,59.4,gauche,54.2,29040,16380,1.75,77.5,67.8,12.5,29.0,28.5,18.2,4.5,25980,15.0,1,1,4.2,30.3,55.6,14.1,39.2,8.4,5193,1199,23.1,21589,32.4,186,1456,234,1234,42.5,312,-17.299999999999997,6.18,0.743,0.545,0.821,haute,0,0,0
69382,1,Lyon 2e,22341,13452,60.2,39.8,droite,54.1,23567,10234,43.4,56.6,droite,52.8,31245,17234,1.79,78.2,69.4,11.3,32.4,27.8,17.4,3.8,28450,12.4,1,1,3.8,35.6,52.4,12.0,42.8,7.2,8456,1567,18.5,45678,41.2,234,2867,345,1567,50.2,423,-16.800000000000004,5.49,1.462,0.469,0.86,haute,1,1,0
69383,1,Lyon 3e,68912,38123,55.3,44.7,gauche,48.7,72345,28456,39.3,60.7,gauche,51.3,104520,54678,1.88,76.8,66.2,13.8,28.6,26.4,19.6,6.2,24680,16.8,1,1,4.5,32.4,48.6,19.0,36.4,10.6,9234,1823,19.7,52345,28.6,412,2234,456,2345,22.4,567,-16.0,4.98,0.501,0.631,0.697,moyenne,0,0,0
69384,1,Lyon 4e,25678,14521,56.6,43.4,gauche,51.2,26789,10234,38.2,61.8,gauche,53.1,36890,19234,1.89,75.4,64.8,14.1,26.8,25.6,20.4,7.4,23450,17.2,1,1,4.6,34.8,46.2,19.0,34.2,11.2,3456,678,19.6,12345,18.4,145,678,156,876,23.7,189,-18.4,4.33,0.335,0.645,0.677,moyenne,0,0,0
69385,1,Lyon 5e,35421,20134,56.8,43.2,gauche,49.8,36234,13567,37.4,62.6,ecologiste,48.7,48234,24567,1.94,74.2,63.4,14.5,24.2,24.8,21.2,8.6,22890,18.4,1,1,4.8,38.2,42.8,19.0,30.6,12.8,4123,812,19.7,18234,16.2,178,712,178,1123,23.3,234,-19.4,2.3,0.378,0.677,0.651,moyenne,0,2,1
69386,1,Lyon 6e,38754,24567,63.4,36.6,droite,58.9,40123,17234,42.9,57.1,droite,55.4,50718,26789,1.87,72.8,66.7,8.4,38.5,25.2,16.8,2.8,34560,8.2,1,1,3.4,48.6,45.2,6.2,48.2,5.4,6789,1234,18.2,34567,14.8,198,823,145,1456,28.7,312,-20.5,3.53,0.682,0.318,0.872,haute,1,1,0
69387,1,Lyon 7e,54123,29876,55.2,44.8,gauche,47.6,56789,20456,36.0,64.0,gauche,49.8,82456,42345,1.92,75.6,64.5,14.7,27.4,26.8,20.2,7.8,24120,17.6,1,1,4.7,31.2,47.4,21.4,35.8,11.4,7234,1456,20.1,38456,22.4,312,1567,312,1789,21.7,389,-19.200000000000003,4.93,0.466,0.675,0.683,moyenne,0,0,0
69388,1,Lyon 8e,58967,30721,52.1,47.9,gauche,46.3,62345,18329,29.4,70.6,gauche,52.1,85123,43567,1.93,73.2,60.8,16.9,18.6,24.2,23.4,12.4,20450,22.4,1,1,5.2,28.4,42.6,29.0,24.6,16.2,5678,1123,19.8,28234,24.6,289,1345,378,1567,18.4,312,-22.700000000000003,5.73,0.332,0.849,0.567,basse,0,0,0
69389,1,Lyon 9e,42876,22556,52.6,47.4,gauche,48.9,45678,14478,31.7,68.3,gauche,51.6,52678,25678,2.02,71.8,58.2,18.9,14.2,22.4,25.6,16.2,18670,26.8,1,1,5.8,26.8,38.4,34.8,18.4,20.4,4234,867,20.5,18567,26.8,226,1123,289,1234,23.4,267,-20.900000000000002,6.54,0.352,1.0,0.543,basse,0,0,0
